olympic_record_id,athlete_name,age,year,medal,country,sport,event
1,Edgar Lindenau Aabye,34.0,1900,Gold,Denmark,Tug-Of-War,Tug-Of-War Men's Tug-Of-War
2,Paavo Johannes Aaltonen,28.0,1948,Gold,Finland,Gymnastics,Gymnastics Men's Team All-Around
3,Paavo Johannes Aaltonen,28.0,1948,Gold,Finland,Gymnastics,Gymnastics Men's Horse Vault
4,Paavo Johannes Aaltonen,28.0,1948,Gold,Finland,Gymnastics,Gymnastics Men's Pommelled Horse
5,Kjetil Andr Aamodt,20.0,1992,Gold,Norway,Alpine Skiing,Alpine Skiing Men's Super G
6,Kjetil Andr Aamodt,30.0,2002,Gold,Norway,Alpine Skiing,Alpine Skiing Men's Super G
7,Kjetil Andr Aamodt,30.0,2002,Gold,Norway,Alpine Skiing,Alpine Skiing Men's Combined
8,Kjetil Andr Aamodt,34.0,2006,Gold,Norway,Alpine Skiing,Alpine Skiing Men's Super G
9,Ragnhild Margrethe Aamodt,27.0,2008,Gold,Norway,Handball,Handball Women's Handball
10,Roald Edgar Aas,31.0,1960,Gold,Norway,Speed Skating,"Speed Skating Men's 1,500 metres"
12,Ren Abadie,21.0,1956,Gold,France,Cycling,"Cycling Men's Road Race, Team"
13,Aleksey Aleksandrovich Abalmasov,28.0,2008,Gold,Belarus,Canoeing,"Canoeing Men's Kayak Fours, 1,000 metres"
14,Luc Abalo,23.0,2008,Gold,France,Handball,Handball Men's Handball
15,Luc Abalo,27.0,2012,Gold,France,Handball,Handball Men's Handball
16,Jouan Patrice Abanda Etong,22.0,2000,Gold,Cameroon,Football,Football Men's Football
17,Jos Mara Abarca Plotas,22.0,1996,Gold,Spain,Water Polo,Water Polo Men's Water Polo
18,Alejandro Abascal Garca,28.0,1980,Gold,Spain,Sailing,Sailing Mixed Two Person Heavyweight Dinghy
19,Jol Marc Abati,38.0,2008,Gold,France,Handball,Handball Men's Handball
20,Agostino Abbagnale,22.0,1988,Gold,Italy,Rowing,Rowing Men's Quadruple Sculls
21,Agostino Abbagnale,29.0,1996,Gold,Italy,Rowing,Rowing Men's Double Sculls
22,Agostino Abbagnale,34.0,2000,Gold,Italy,Rowing,Rowing Men's Quadruple Sculls
23,Carmine Abbagnale,22.0,1984,Gold,Italy,Rowing,Rowing Men's Coxed Pairs
24,Carmine Abbagnale,26.0,1988,Gold,Italy,Rowing,Rowing Men's Coxed Pairs
25,Giuseppe Abbagnale,25.0,1984,Gold,Italy,Rowing,Rowing Men's Coxed Pairs
26,Giuseppe Abbagnale,29.0,1988,Gold,Italy,Rowing,Rowing Men's Coxed Pairs
27,Margaret Ives Abbott (-Dunne),23.0,1900,Gold,United States,Golf,Golf Women's Individual
28,Lala Abdul Rashid,38.0,1960,Gold,Pakistan,Hockey,Hockey Men's Hockey
30,Mukhammad Kadyr Abdullayev,26.0,2000,Gold,Uzbekistan,Boxing,Boxing Men's Light-Welterweight
31,Namiq Yadulla Abdullayev,29.0,2000,Gold,Azerbaijan,Wrestling,"Wrestling Men's Bantamweight, Freestyle"
32,Julius Shareef Abdur-Rahim,23.0,2000,Gold,United States,Basketball,Basketball Men's Basketball
34,Masashi Abe,28.0,1994,Gold,Japan,Nordic Combined,Nordic Combined Men's Team
35,George Gordon Abel,35.0,1952,Gold,Canada,Ice Hockey,Ice Hockey Men's Ice Hockey
36,Abelardo Fernndez Antua,22.0,1992,Gold,Spain,Football,Football Men's Football
39,Gezahgne Abera,22.0,2000,Gold,Ethiopia,Athletics,Athletics Men's Marathon
40,Michael Brent Abernathy,22.0,2000,Gold,United States,Baseball,Baseball Men's Baseball
41,Ismail Abilov (-Nizamolu),29.0,1980,Gold,Bulgaria,Wrestling,"Wrestling Men's Middleweight, Freestyle"
42,"Edgar Allen ""Ed"" Ablowich",19.0,1932,Gold,United States,Athletics,Athletics Men's 4 x 400 metres Relay
43,Attila brahm,21.0,1988,Gold,Hungary,Canoeing,"Canoeing Men's Kayak Fours, 1,000 metres"
45,Isak Abrahamsen,21.0,1912,Gold,Norway,Gymnastics,"Gymnastics Men's Team All-Around, Free System"
47,Julien Absalon,23.0,2004,Gold,France,Cycling,"Cycling Men's Mountainbike, Cross-Country"
48,Julien Absalon,27.0,2008,Gold,France,Cycling,"Cycling Men's Mountainbike, Cross-Country"
49,Ahmad Abughaush,20.0,2016,Gold,Jordan,Taekwondo,Taekwondo Men's Featherweight
51,William Accambray,24.0,2012,Gold,France,Handball,Handball Men's Handball
52,Fausto Alesio Acke (Padovini-),22.0,1920,Gold,Sweden,Gymnastics,"Gymnastics Men's Team All-Around, Swedish System"
53,Paul Douglas Ackerley,27.0,1976,Gold,New Zealand,Hockey,Hockey Men's Hockey
54,"Charles Edwin ""Charley"" Ackerly",22.0,1920,Gold,United States,Wrestling,"Wrestling Men's Featherweight, Freestyle"
57,Lautaro Germn Acosta,20.0,2008,Gold,Argentina,Football,Football Men's Football
58,"Gordon Belgum ""Gordy"" Adam",21.0,1936,Gold,United States,Rowing,Rowing Men's Coxed Eights
59,"Michael B. ""Mike"" Adam",24.0,2006,Gold,Canada,Curling,Curling Men's Curling
60,Pierre Louis Eugne Adam,24.0,1948,Gold,France,Cycling,"Cycling Men's Team Pursuit, 4,000 metres"
61,Harry Lester Adams,31.0,1912,Gold,United States,Shooting,"Shooting Men's Military Rifle, 200, 400, 500 and 600 metres, Team"
64,Platt Adams,27.0,1912,Gold,United States,Athletics,Athletics Men's Standing High Jump
65,Valerie Kasanita Adams-Vili (-Price),23.0,2008,Gold,New Zealand,Athletics,Athletics Women's Shot Put
66,Valerie Kasanita Adams-Vili (-Price),27.0,2012,Gold,New Zealand,Athletics,Athletics Women's Shot Put
67,Filip Kamil Adamski,29.0,2012,Gold,Germany,Rowing,Rowing Men's Coxed Eights
68,Herbert Adamski,26.0,1936,Gold,Germany,Rowing,Rowing Men's Coxed Pairs
69,Adenzia Aparecida Ferreira da Silva,25.0,2012,Gold,Brazil,Volleyball,Volleyball Women's Volleyball
71,"Charles ""Chuck"" Adkins",20.0,1952,Gold,United States,Boxing,Boxing Men's Light-Welterweight
72,Derrick Ralph Adkins,26.0,1996,Gold,United States,Athletics,Athletics Men's 400 metres Hurdles
73,Nils August Domingo Adlercreutz,45.0,1912,Gold,Sweden,Equestrianism,"Equestrianism Men's Three-Day Event, Team"
74,Erik William Adlerz,19.0,1912,Gold,Sweden,Diving,Diving Men's Platform
75,Erik William Adlerz,19.0,1912,Gold,Sweden,Diving,Diving Men's Plain High
78,Nathan Ghar-Jun Adrian,19.0,2008,Gold,United States,Swimming,Swimming Men's 4 x 100 metres Freestyle Relay
79,Nathan Ghar-Jun Adrian,23.0,2012,Gold,United States,Swimming,Swimming Men's 100 metres Freestyle
80,Nathan Ghar-Jun Adrian,23.0,2012,Gold,United States,Swimming,Swimming Men's 4 x 100 metres Medley Relay
81,Nathan Ghar-Jun Adrian,27.0,2016,Gold,United States,Swimming,Swimming Men's 4 x 100 metres Freestyle Relay
82,Nathan Ghar-Jun Adrian,27.0,2016,Gold,United States,Swimming,Swimming Men's 4 x 100 metres Medley Relay
83,Lavinia Agache (-Carney),16.0,1984,Gold,Romania,Gymnastics,Gymnastics Women's Team All-Around
84,Andre Kirk Agassi,26.0,1996,Gold,United States,Tennis,Tennis Men's Singles
85,Marilyn Agliotti,29.0,2008,Gold,Netherlands,Hockey,Hockey Women's Hockey
86,Marilyn Agliotti,33.0,2012,Gold,Netherlands,Hockey,Hockey Women's Hockey
87,Yannick Agnel,20.0,2012,Gold,France,Swimming,Swimming Men's 200 metres Freestyle
88,Yannick Agnel,20.0,2012,Gold,France,Swimming,Swimming Men's 4 x 100 metres Freestyle Relay
89,Meghan Christina Agosta (-Marciano),18.0,2006,Gold,Canada,Ice Hockey,Ice Hockey Women's Ice Hockey
90,Meghan Christina Agosta (-Marciano),23.0,2010,Gold,Canada,Ice Hockey,Ice Hockey Women's Ice Hockey
91,Meghan Christina Agosta (-Marciano),26.0,2014,Gold,Canada,Ice Hockey,Ice Hockey Women's Ice Hockey
92,Judit goston-Mendelnyi,27.0,1964,Gold,Hungary,Fencing,"Fencing Women's Foil, Team"
93,Carlo Agostoni Faini,19.0,1928,Gold,Italy,Fencing,"Fencing Men's epee, Team"
95,"Estella ""Stella"" Agsteribbe (-Blits)",19.0,1928,Gold,Netherlands,Gymnastics,Gymnastics Women's Team All-Around
96,Sergio Leonel Agero del Castillo,20.0,2008,Gold,Argentina,Football,Football Men's Football
97,"Taismary ""Tai"" Agero Leiva (-Botteghi)",23.0,2000,Gold,Cuba,Volleyball,Volleyball Women's Volleyball
99,George Lewis Ahlgren,19.0,1948,Gold,United States,Rowing,Rowing Men's Coxed Eights
101,Arne Per hman,23.0,1948,Gold,Sweden,Athletics,Athletics Men's Triple Jump
102,"Christine M. ""Crissy"" Ahmann-Leighton (-Perham)",22.0,1992,Gold,United States,Swimming,Swimming Women's 4 x 100 metres Freestyle Relay
103,"Christine M. ""Crissy"" Ahmann-Leighton (-Perham)",22.0,1992,Gold,United States,Swimming,Swimming Women's 4 x 100 metres Medley Relay
104,Muhammad Ashfaq Ahmed,21.0,1968,Gold,Pakistan,Hockey,Hockey Men's Hockey
105,Bashir Ahmed,25.0,1960,Gold,Pakistan,Hockey,Hockey Men's Hockey
106,Ishtiaq Ahmed,21.0,1984,Gold,Pakistan,Hockey,Hockey Men's Hockey
107,Mushtaq Ahmed,28.0,1984,Gold,Pakistan,Hockey,Hockey Men's Hockey
108,Mushtaq Ahmed,27.0,1960,Gold,Pakistan,Hockey,Hockey Men's Hockey
109,Riaz Ahmed,27.0,1968,Gold,Pakistan,Hockey,Hockey Men's Hockey
111,"Christian ""Chris"" Ahrens",28.0,2004,Gold,United States,Rowing,Rowing Men's Coxed Eights
112,Nobuyuki Aihara,25.0,1960,Gold,Japan,Gymnastics,Gymnastics Men's Team All-Around
113,Nobuyuki Aihara,25.0,1960,Gold,Japan,Gymnastics,Gymnastics Men's Floor Exercise
118,Kurt Harold Ainsworth,22.0,2000,Gold,United States,Baseball,Baseball Men's Baseball
120,Brett Aitken,29.0,2000,Gold,Australia,Cycling,Cycling Men's Madison
122,Artur Surenovych Aivazian,35.0,2008,Gold,Ukraine,Shooting,"Shooting Men's Small-Bore Rifle, Prone, 50 metres"
123,Omar Ajete Iglesias,27.0,1992,Gold,Cuba,Baseball,Baseball Men's Baseball
124,Omar Ajete Iglesias,31.0,1996,Gold,Cuba,Baseball,Baseball Men's Baseball
125,Chioma Ajunwa (-Opara),24.0,1996,Gold,Nigeria,Athletics,Athletics Women's Long Jump
126,Nasuh Akar,23.0,1948,Gold,Turkey,Wrestling,"Wrestling Men's Bantamweight, Freestyle"
127,Ernst Gunnar kerlund,24.0,1948,Gold,Sweden,Canoeing,"Canoeing Men's Kayak Doubles, 10,000 metres"
129,Michelle Anne Akers,30.0,1996,Gold,United States,Football,Football Women's Football
130,Taha Akgl,25.0,2016,Gold,Turkey,Wrestling,"Wrestling Men's Super-Heavyweight, Freestyle"
132,Albina Khamitovna Akhatova,29.0,2006,Gold,Russia,Biathlon,Biathlon Women's 4 x 6 kilometres Relay
133,Artur Kamilevich Akhmatkhuzin,28.0,2016,Gold,Russia,Fencing,"Fencing Men's Foil, Team"
134,Gulraiz Akhtar,25.0,1968,Gold,Pakistan,Hockey,Hockey Men's Hockey
135,Naeem Akhtar,23.0,1984,Gold,Pakistan,Hockey,Hockey Men's Hockey
136,John Akii-Bua,22.0,1972,Gold,Uganda,Athletics,Athletics Men's 400 metres Hurdles
139,Morolake Akinosun,22.0,2016,Gold,United States,Athletics,Athletics Women's 4 x 100 metres Relay
142,Abdul Rashid Al-Hasan,25.0,1984,Gold,Pakistan,Hockey,Hockey Men's Hockey
143,Ahmed bin Hasher Al-Maktoum,40.0,2004,Gold,United Arab Emirates,Shooting,Shooting Men's Double Trap
144,Marina Alabau Neira,26.0,2012,Gold,Spain,Sailing,Sailing Women's Windsurfer
145,Noor Alam,30.0,1960,Gold,Pakistan,Hockey,Hockey Men's Hockey
146,Toimi Johannes Alatalo,30.0,1960,Gold,Finland,Cross Country Skiing,Cross Country Skiing Men's 4 x 10 kilometres Relay
147,Marco Albarello,33.0,1994,Gold,Italy,Cross Country Skiing,Cross Country Skiing Men's 4 x 10 kilometres Relay
149,Georg Albert Christian Albertsen,30.0,1920,Gold,Denmark,Gymnastics,"Gymnastics Men's Team All-Around, Free System"
150,Islam-Beka Said-Tsilimovich Albiyev,19.0,2008,Gold,Russia,Wrestling,"Wrestling Men's Lightweight, Greco-Roman"
151,mile Albrecht,,1924,Gold,Switzerland,Rowing,Rowing Men's Coxed Fours
152,John Robert Albrechtson,39.0,1976,Gold,Sweden,Sailing,Sailing Mixed Two Person Keelboat
153,"Tenley Emma Albright (-Gardiner, -Blakely)",20.0,1956,Gold,United States,Figure Skating,Figure Skating Women's Singles
154,Andrs Aldama Cabrera,24.0,1980,Gold,Cuba,Boxing,Boxing Men's Welterweight
155,"Frederick Pitt ""Fred"" Alderman",22.0,1928,Gold,United States,Athletics,Athletics Men's 4 x 400 metres Relay
156,Jo Qesem Ayela Aleh,26.0,2012,Gold,New Zealand,Sailing,Sailing Women's Two Person Dinghy
157,Virgilijus Alekna,28.0,2000,Gold,Lithuania,Athletics,Athletics Men's Discus Throw
158,Virgilijus Alekna,32.0,2004,Gold,Lithuania,Athletics,Athletics Men's Discus Throw
163,Artur Aleksanyan,24.0,2016,Gold,Armenia,Wrestling,"Wrestling Men's Heavyweight, Greco-Roman"
166,Milan Aleksi,30.0,2016,Gold,Serbia,Water Polo,Water Polo Men's Water Polo
167,Marc Robert Alexandre,28.0,1988,Gold,France,Judo,Judo Men's Lightweight
168,Alfonso Prez Muoz,19.0,1992,Gold,Spain,Football,Football Men's Football
169,"Stephen Todd ""Steve"" Alford",19.0,1984,Gold,United States,Basketball,Basketball Men's Basketball
170,Hans Daniel Alfredsson,33.0,2006,Gold,Sweden,Ice Hockey,Ice Hockey Men's Ice Hockey
171,Ulf Hkan Gran Algotsson,27.0,1994,Gold,Sweden,Ice Hockey,Ice Hockey Men's Ice Hockey
172,Nasir Ali,25.0,1984,Gold,Pakistan,Hockey,Hockey Men's Hockey
173,Shaukat Ali,30.0,1928,Gold,India,Hockey,Hockey Men's Hockey
174,Syed Mushtaq Ali,22.0,1964,Gold,India,Hockey,Hockey Men's Hockey
175,Gaston Jules Louis Antoine Alibert,30.0,1908,Gold,France,Fencing,"Fencing Men's epee, Individual"
176,Gaston Jules Louis Antoine Alibert,30.0,1908,Gold,France,Fencing,"Fencing Men's epee, Team"
177,Sergey Gennadyevich Alifirenko,41.0,2000,Gold,Russia,Shooting,"Shooting Men's Rapid-Fire Pistol, 25 metres"
179,Aleksey Aleksandrovich Alipov,29.0,2004,Gold,Russia,Shooting,Shooting Men's Trap
180,Georgios Aliprantis,,1906,Gold,Greece,Gymnastics,Gymnastics Men's Rope Climbing
182,Margarita Sergeyevna Aliychuk,17.0,2008,Gold,Russia,Rhythmic Gymnastics,Rhythmic Gymnastics Women's Group
183,Alphonse Allaert,44.0,1920,Gold,Belgium,Archery,"Archery Men's Target Archery, 33 metres, Team"
184,Alphonse Allaert,44.0,1920,Gold,Belgium,Archery,"Archery Men's Target Archery, 50 metres, Team"
185,"William Charles ""Bill"" Allen",24.0,1972,Gold,United States,Sailing,Sailing Mixed Three Person Keelboat
186,"Katherine Jessie Jean ""Kate"" Allen (-Diechtler)",34.0,2004,Gold,Austria,Triathlon,Triathlon Women's Olympic Distance
187,"Kate Ruth ""Katie"" Allen",26.0,2000,Gold,Australia,Hockey,Hockey Women's Hockey
188,Walter Ray Allen,25.0,2000,Gold,United States,Basketball,Basketball Men's Basketball
189,Richard James Allen,25.0,1928,Gold,India,Hockey,Hockey Men's Hockey
190,Richard James Allen,30.0,1932,Gold,India,Hockey,Hockey Men's Hockey
191,Richard James Allen,34.0,1936,Gold,India,Hockey,Hockey Men's Hockey
192,Wyatt Allen,25.0,2004,Gold,United States,Rowing,Rowing Men's Coxed Eights
196,Antonio Allocchio,31.0,1920,Gold,Italy,Fencing,"Fencing Men's epee, Team"
197,Lynne Marie Allsup (-Olson),15.0,1964,Gold,United States,Swimming,Swimming Women's 4 x 100 metres Freestyle Relay
198,Carmela Allucci,34.0,2004,Gold,Italy,Water Polo,Water Polo Women's Water Polo
200,Nicolas Alnoudji,20.0,2000,Gold,Cameroon,Football,Football Men's Football
201,Thomas Alsgaard (Alsgrd-),22.0,1994,Gold,Norway,Cross Country Skiing,Cross Country Skiing Men's 30 kilometres
202,Thomas Alsgaard (Alsgrd-),26.0,1998,Gold,Norway,Cross Country Skiing,Cross Country Skiing Men's 10/15 kilometres Pursuit
203,Thomas Alsgaard (Alsgrd-),26.0,1998,Gold,Norway,Cross Country Skiing,Cross Country Skiing Men's 4 x 10 kilometres Relay
204,Thomas Alsgaard (Alsgrd-),30.0,2002,Gold,Norway,Cross Country Skiing,Cross Country Skiing Men's 10/10 kilometres Pursuit
205,Thomas Alsgaard (Alsgrd-),30.0,2002,Gold,Norway,Cross Country Skiing,Cross Country Skiing Men's 4 x 10 kilometres Relay
206,Ida Alstad,27.0,2012,Gold,Norway,Handball,Handball Women's Handball
209,Jos Mara lvarez de las Asturias Bohorques y Goyeneche,33.0,1928,Gold,Spain,Equestrianism,"Equestrianism Men's Jumping, Team"
213,Simona Amnar (-Tabr),16.0,1996,Gold,Romania,Gymnastics,Gymnastics Women's Horse Vault
214,Simona Amnar (-Tabr),20.0,2000,Gold,Romania,Gymnastics,Gymnastics Women's Individual All-Around
215,Simona Amnar (-Tabr),20.0,2000,Gold,Romania,Gymnastics,Gymnastics Women's Team All-Around
216,Max Amann,23.0,1928,Gold,Germany,Water Polo,Water Polo Men's Water Polo
217,Jean-Pierre Bernard Andr Amat,34.0,1996,Gold,France,Shooting,"Shooting Men's Small-Bore Rifle, Three Positions, 50 metres"
218,Amauri Ribeiro,33.0,1992,Gold,Brazil,Volleyball,Volleyball Men's Volleyball
219,Jos Emilio Amavisca Grate,21.0,1992,Gold,Spain,Football,Football Men's Football
220,Amedeo Ambron,21.0,1960,Gold,Italy,Water Polo,Water Polo Men's Water Polo
221,Christie Ambrosi,23.0,2000,Gold,United States,Softball,Softball Women's Softball
222,Mikls Ambrus,31.0,1964,Gold,Hungary,Water Polo,Water Polo Men's Water Polo
224,"Joseph Brian ""Joe"" Amlong",27.0,1964,Gold,United States,Rowing,Rowing Men's Coxed Eights
225,"Thomas Kennedy ""Tom"" Amlong",29.0,1964,Gold,United States,Rowing,Rowing Men's Coxed Eights
226,Simon Ammann,20.0,2002,Gold,Switzerland,Ski Jumping,"Ski Jumping Men's Normal Hill, Individual"
227,Simon Ammann,20.0,2002,Gold,Switzerland,Ski Jumping,"Ski Jumping Men's Large Hill, Individual"
228,Simon Ammann,28.0,2010,Gold,Switzerland,Ski Jumping,"Ski Jumping Men's Normal Hill, Individual"
229,Simon Ammann,28.0,2010,Gold,Switzerland,Ski Jumping,"Ski Jumping Men's Large Hill, Individual"
230,Daniel Owofin Amokachi,23.0,1996,Gold,Nigeria,Football,Football Men's Football
234,Steinar Amundsen,23.0,1968,Gold,Norway,Canoeing,"Canoeing Men's Kayak Fours, 1,000 metres"
235,Emmanuel Amunike,25.0,1996,Gold,Nigeria,Football,Football Men's Football
236,"Francis ""Frank"" Amyot",31.0,1936,Gold,Canada,Canoeing,"Canoeing Men's Canadian Singles, 1,000 metres"
237,An Byeong-Geun,22.0,1984,Gold,South Korea,Judo,Judo Men's Lightweight
238,An Han-Bong,23.0,1992,Gold,South Korea,Wrestling,"Wrestling Men's Bantamweight, Greco-Roman"
239,An Kum-Ae,32.0,2012,Gold,North Korea,Judo,Judo Women's Half-Lightweight
240,An Sang-Mi,18.0,1998,Gold,South Korea,Short Track Speed Skating,"Short Track Speed Skating Women's 3,000 metres Relay"
241,Viktor An,20.0,2006,Gold,South Korea,Short Track Speed Skating,"Short Track Speed Skating Men's 1,000 metres"
242,Viktor An,20.0,2006,Gold,South Korea,Short Track Speed Skating,"Short Track Speed Skating Men's 1,500 metres"
243,Viktor An,20.0,2006,Gold,South Korea,Short Track Speed Skating,"Short Track Speed Skating Men's 5,000 metres Relay"
244,Viktor An,28.0,2014,Gold,Russia,Short Track Speed Skating,Short Track Speed Skating Men's 500 metres
245,Viktor An,28.0,2014,Gold,Russia,Short Track Speed Skating,"Short Track Speed Skating Men's 1,000 metres"
246,Viktor An,28.0,2014,Gold,Russia,Short Track Speed Skating,"Short Track Speed Skating Men's 5,000 metres Relay"
249,Zygmunt Jzef Anczok,26.0,1972,Gold,Poland,Football,Football Men's Football
250,milie Andol,28.0,2016,Gold,France,Judo,Judo Women's Heavyweight
251,Olle Henrik Martin Anderberg,32.0,1952,Gold,Sweden,Wrestling,"Wrestling Men's Lightweight, Freestyle"
252,Aage Jrgen Christian Andersen,22.0,1906,Gold,Denmark,Football,Football Men's Football
253,Alf Steen Andersen,21.0,1928,Gold,Norway,Ski Jumping,"Ski Jumping Men's Normal Hill, Individual"
254,Anja Jul Andersen,27.0,1996,Gold,Denmark,Handball,Handball Women's Handball
255,Camilla Rseler Andersen,23.0,1996,Gold,Denmark,Handball,Handball Women's Handball
256,Camilla Rseler Andersen,27.0,2000,Gold,Denmark,Handball,Handball Women's Handball
257,Carl Albert Andersen,29.0,1906,Gold,Norway,Gymnastics,Gymnastics Men's Team All-Around
258,Carl Rudolf Svend Andersen,20.0,1920,Gold,Denmark,Gymnastics,"Gymnastics Men's Team All-Around, Free System"
259,Carl-Ebbe Andersen,19.0,1948,Gold,Denmark,Rowing,Rowing Men's Coxed Pairs
260,"Greta Marie Andersen (-Sonnichsen, -Veress)",21.0,1948,Gold,Denmark,Swimming,Swimming Women's 100 metres Freestyle
261,Hjalmar Johan Andersen,28.0,1952,Gold,Norway,Speed Skating,"Speed Skating Men's 1,500 metres"
262,Hjalmar Johan Andersen,28.0,1952,Gold,Norway,Speed Skating,"Speed Skating Men's 5,000 metres"
263,Hjalmar Johan Andersen,28.0,1952,Gold,Norway,Speed Skating,"Speed Skating Men's 10,000 metres"
264,Kristine Andersen,28.0,2004,Gold,Denmark,Handball,Handball Women's Handball
265,Linda Widwey Andersen (-Cerup-Simonsen),23.0,1992,Gold,Norway,Sailing,Sailing Women's One Person Dinghy
266,Mads Christian Kruse Andersen,30.0,2008,Gold,Denmark,Rowing,Rowing Men's Lightweight Coxless Fours
267,Vigo Carl Andersen,21.0,1906,Gold,Denmark,Football,Football Men's Football
268,Anderson de Oliveira Rodrigues,30.0,2004,Gold,Brazil,Volleyball,Volleyball Men's Volleyball
269,Alyssa Jean Anderson,21.0,2012,Gold,United States,Swimming,Swimming Women's 4 x 200 metres Freestyle Relay
270,Andrea Arlene Anderson (-Bolder),22.0,2000,Gold,United States,Athletics,Athletics Women's 4 x 400 metres Relay
271,Charles Howard Anderson,33.0,1948,Gold,United States,Equestrianism,"Equestrianism Men's Three-Day Event, Team"
272,Gary Lee Anderson,25.0,1964,Gold,United States,Shooting,"Shooting Men's Free Rifle, Three Positions, 300 metres"
273,Gary Lee Anderson,29.0,1968,Gold,United States,Shooting,"Shooting Mixed Free Rifle, Three Positions, 300 metres"
274,Jamie Louise Anderson,23.0,2014,Gold,United States,Snowboarding,Snowboarding Women's Slopestyle
275,Jasey-Jay Anderson,34.0,2010,Gold,Canada,Snowboarding,Snowboarding Men's Parallel Giant Slalom
276,John Franklin Anderson,25.0,1932,Gold,United States,Athletics,Athletics Men's Discus Throw
277,John Edward Anderson,33.0,1972,Gold,Australia,Sailing,Sailing Mixed Two Person Keelboat
278,Paul Edward Anderson,24.0,1956,Gold,United States,Weightlifting,Weightlifting Men's Heavyweight
279,"Thomas James ""Tom"" Anderson",33.0,1972,Gold,Australia,Sailing,Sailing Mixed Three Person Keelboat
280,Agneta Monica Andersson,23.0,1984,Gold,Sweden,Canoeing,"Canoeing Women's Kayak Singles, 500 metres"
281,Agneta Monica Andersson,23.0,1984,Gold,Sweden,Canoeing,"Canoeing Women's Kayak Doubles, 500 metres"
282,Agneta Monica Andersson,35.0,1996,Gold,Sweden,Canoeing,"Canoeing Women's Kayak Doubles, 500 metres"
283,Albert Per Andersson,17.0,1920,Gold,Sweden,Gymnastics,"Gymnastics Men's Team All-Around, Swedish System"
284,Karl Arvid Andersson (-Holtman),23.0,1920,Gold,Sweden,Gymnastics,"Gymnastics Men's Team All-Around, Swedish System"
285,Arvid Leander Andersson,30.0,1912,Gold,Sweden,Tug-Of-War,Tug-Of-War Men's Tug-Of-War
286,Erik Gsta Andersson,31.0,1948,Gold,Sweden,Wrestling,"Wrestling Men's Welterweight, Greco-Roman"
287,Svensk Hjalmar Zakeus Andersson,22.0,1912,Gold,Sweden,Athletics,"Athletics Men's Cross-Country, Team"
288,Lina Marie Andersson,24.0,2006,Gold,Sweden,Cross Country Skiing,Cross Country Skiing Women's Team Sprint
289,Sune Isidor Andersson,27.0,1948,Gold,Sweden,Football,Football Men's Football
293,Manuel ngel Andrada,46.0,1936,Gold,Argentina,Polo,Polo Men's Polo
294,Jos Leandro Andrade,22.0,1924,Gold,Uruguay,Football,Football Men's Football
295,Jos Leandro Andrade,26.0,1928,Gold,Uruguay,Football,Football Men's Football
296,Alessandro Andrei,25.0,1984,Gold,Italy,Athletics,Athletics Men's Shot Put
297,Vasile Andrei,29.0,1984,Gold,Romania,Wrestling,"Wrestling Men's Heavyweight, Greco-Roman"
298,Arnaldo Andreoli,26.0,1920,Gold,Italy,Gymnastics,Gymnastics Men's Team All-Around
299,Dominic Andres,25.0,1998,Gold,Switzerland,Curling,Curling Men's Curling
300,Frode Andresen,28.0,2002,Gold,Norway,Biathlon,Biathlon Men's 4 x 7.5 kilometres Relay
301,"Michelle ""Shelley"" Andrews (-Mitchell)",24.0,1996,Gold,Australia,Hockey,Hockey Women's Hockey
302,Theresa Andrews,21.0,1984,Gold,United States,Swimming,Swimming Women's 100 metres Backstroke
303,Theresa Andrews,21.0,1984,Gold,United States,Swimming,Swimming Women's 4 x 100 metres Medley Relay
305,Nikolaos Andriakopoulos,,1896,Gold,Greece,Gymnastics,Gymnastics Men's Rope Climbing
315,Michel Andrieux,33.0,2000,Gold,France,Rowing,Rowing Men's Coxless Pairs
316,Franz Josef Andrysek,22.0,1928,Gold,Austria,Weightlifting,Weightlifting Men's Featherweight
317,Matteo Anesi,21.0,2006,Gold,Italy,Speed Skating,Speed Skating Men's Team Pursuit (8 laps)
319,Paolo Angioni,26.0,1964,Gold,Italy,Equestrianism,"Equestrianism Mixed Three-Day Event, Team"
320,Kurt Steven Angle,27.0,1996,Gold,United States,Wrestling,"Wrestling Men's Heavyweight, Freestyle"
321,Giorgio Anglesio,34.0,1956,Gold,Italy,Fencing,"Fencing Men's epee, Team"
331,Alyson Regina Annan,23.0,1996,Gold,Australia,Hockey,Hockey Women's Hockey
332,Alyson Regina Annan,27.0,2000,Gold,Australia,Hockey,Hockey Women's Hockey
333,Noriko Anno,28.0,2004,Gold,Japan,Judo,Judo Women's Half-Heavyweight
335,Daniela Anschtz-Thoms,31.0,2006,Gold,Germany,Speed Skating,Speed Skating Women's Team Pursuit (6 laps)
336,Daniela Anschtz-Thoms,35.0,2010,Gold,Germany,Speed Skating,Speed Skating Women's Team Pursuit (6 laps)
337,Renato Anselmi,32.0,1924,Gold,Italy,Fencing,"Fencing Men's Sabre, Team"
339,Henri Lucien Ernest Eugne Anspach,29.0,1912,Gold,Belgium,Fencing,"Fencing Men's epee, Team"
340,Paul Eugne Albert Anspach,30.0,1912,Gold,Belgium,Fencing,"Fencing Men's epee, Individual"
341,Paul Eugne Albert Anspach,30.0,1912,Gold,Belgium,Fencing,"Fencing Men's epee, Team"
342,Dana Antal,24.0,2002,Gold,Canada,Ice Hockey,Ice Hockey Women's Ice Hockey
343,Rbert Antal (Adler),30.0,1952,Gold,Hungary,Water Polo,Water Polo Men's Water Polo
344,Carmelo Kyan Anthony,24.0,2008,Gold,United States,Basketball,Basketball Men's Basketball
345,Carmelo Kyan Anthony,28.0,2012,Gold,United States,Basketball,Basketball Men's Basketball
346,Carmelo Kyan Anthony,32.0,2016,Gold,United States,Basketball,Basketball Men's Basketball
347,Peter Thomas Antonie,34.0,1992,Gold,Australia,Rowing,Rowing Men's Double Sculls
350,"Kaarlo Johan Jalmari ""Kalle"" Anttila",32.0,1920,Gold,Finland,Wrestling,"Wrestling Men's Lightweight, Freestyle"
351,"Kaarlo Johan Jalmari ""Kalle"" Anttila",36.0,1924,Gold,Finland,Wrestling,"Wrestling Men's Featherweight, Greco-Roman"
352,Nataliya Nikolayevna Antyukh,31.0,2012,Gold,Russia,Athletics,Athletics Women's 400 metres Hurdles
353,Saeed Anwar,24.0,1968,Gold,Pakistan,Hockey,Hockey Men's Hockey
354,Mayumi Aoki (-Nishiguti),19.0,1972,Gold,Japan,Swimming,Swimming Women's 100 metres Butterfly
355,Sad Aouita,24.0,1984,Gold,Morocco,Athletics,"Athletics Men's 5,000 metres"
356,Nikolay Sergeyevich Apalikov,29.0,2012,Gold,Russia,Volleyball,Volleyball Men's Volleyball
357,Katrin Apel,24.0,1998,Gold,Germany,Biathlon,Biathlon Women's 4 x 7.5 kilometres Relay
358,Katrin Apel,28.0,2002,Gold,Germany,Biathlon,Biathlon Women's 4 x 7.5 kilometres Relay
359,Chira Irina Apostol (-Stoian),24.0,1984,Gold,Romania,Rowing,Rowing Women's Coxed Fours
362,Gillian Mary Apps,22.0,2006,Gold,Canada,Ice Hockey,Ice Hockey Women's Ice Hockey
363,Gillian Mary Apps,26.0,2010,Gold,Canada,Ice Hockey,Ice Hockey Women's Ice Hockey
364,Gillian Mary Apps,30.0,2014,Gold,Canada,Ice Hockey,Ice Hockey Women's Ice Hockey
366,Javier Ignacio Aquino Carmona,22.0,2012,Gold,Mexico,Football,Football Men's Football
367,Shigeo Arai,19.0,1936,Gold,Japan,Swimming,Swimming Men's 4 x 200 metres Freestyle Relay
368,Shizuka Arakawa,24.0,2006,Gold,Japan,Figure Skating,Figure Skating Women's Singles
369,Yuko Arakida,22.0,1976,Gold,Japan,Volleyball,Volleyball Women's Volleyball
370,Alexandra Araujo,32.0,2004,Gold,Italy,Water Polo,Water Polo Women's Water Polo
371,Rodica Arba-Pucatu,22.0,1984,Gold,Romania,Rowing,Rowing Women's Coxless Pairs
372,Rodica Arba-Pucatu,26.0,1988,Gold,Romania,Rowing,Rowing Women's Coxless Pairs
374,"Jeffrey Victor ""Jeff"" Archibald",24.0,1976,Gold,New Zealand,Hockey,Hockey Men's Hockey
376,Angelo Arcidiacono,28.0,1984,Gold,Italy,Fencing,"Fencing Men's Sabre, Team"
377,"Ermenegildo ""Gildo"" Arena",27.0,1948,Gold,Italy,Water Polo,Water Polo Men's Water Polo
378,Dieter Arend,21.0,1936,Gold,Germany,Rowing,Rowing Men's Coxed Pairs
380,Alessandro Argenton,27.0,1964,Gold,Italy,Equestrianism,"Equestrianism Mixed Three-Day Event, Team"
381,"Edwin Yancey ""Eddie"" Argo",36.0,1932,Gold,United States,Equestrianism,"Equestrianism Men's Three-Day Event, Team"
382,"Marcus Mills Pomeroy ""Mark"" Arie",38.0,1920,Gold,United States,Shooting,Shooting Men's Trap
383,"Marcus Mills Pomeroy ""Mark"" Arie",38.0,1920,Gold,United States,Shooting,"Shooting Men's Trap, Team"
384,Luigi Arienti,23.0,1960,Gold,Italy,Cycling,"Cycling Men's Team Pursuit, 4,000 metres"
385,Pedro Arispe,23.0,1924,Gold,Uruguay,Football,Football Men's Football
386,Pedro Arispe,27.0,1928,Gold,Uruguay,Football,Football Men's Football
387,William Peixoto Arjona,37.0,2016,Gold,Brazil,Volleyball,Volleyball Men's Volleyball
389,Tobias Arlt,26.0,2014,Gold,Germany,Luge,Luge Mixed Team Relay
391,"Raymond Richard ""Ray"" Armstead",24.0,1984,Gold,United States,Athletics,Athletics Men's 4 x 400 metres Relay
392,Aaron Nigel Armstrong,30.0,2008,Gold,Trinidad and Tobago,Athletics,Athletics Men's 4 x 100 metres Relay
393,"Elizabeth ""Betsey"" Armstrong",29.0,2012,Gold,United States,Water Polo,Water Polo Women's Water Polo
395,"Debra Rae ""Debbie"" Armstrong",20.0,1984,Gold,United States,Alpine Skiing,Alpine Skiing Women's Giant Slalom
396,Duncan John D'Arcy Armstrong,20.0,1988,Gold,Australia,Swimming,Swimming Men's 200 metres Freestyle
397,"Jennifer Margaret ""Jenny"" Armstrong",30.0,2000,Gold,Australia,Sailing,Sailing Women's Two Person Dinghy
398,Kristin Ann Armstrong (-Savola),34.0,2008,Gold,United States,Cycling,Cycling Women's Individual Time Trial
399,Kristin Ann Armstrong (-Savola),38.0,2012,Gold,United States,Cycling,Cycling Women's Individual Time Trial
400,Kristin Ann Armstrong (-Savola),42.0,2016,Gold,United States,Cycling,Cycling Women's Individual Time Trial
401,"Michel Taylor ""Tate"" Armstrong",20.0,1976,Gold,United States,Basketball,Basketball Men's Basketball
403,Jay Joseph Hoyland Arnette,21.0,1960,Gold,United States,Basketball,Basketball Men's Basketball
405,"Donald John ""Don"" Arnold",21.0,1956,Gold,Canada,Rowing,Rowing Men's Coxless Fours
406,Juan Pedro Arremn,29.0,1928,Gold,Uruguay,Football,Football Men's Football
407,Luis Rolando Arrojo vila,24.0,1992,Gold,Cuba,Baseball,Baseball Men's Baseball
409,"Samantha ""Sam"" Arsenault (-Livingstone)",18.0,2000,Gold,United States,Swimming,Swimming Women's 4 x 200 metres Freestyle Relay
411,Bakhtiyar Garifulayevich Artayev,21.0,2004,Gold,Kazakhstan,Boxing,Boxing Men's Welterweight
412,douard Jos Artigas,42.0,1948,Gold,France,Fencing,"Fencing Men's epee, Team"
417,Pr Johan Arvidsson,20.0,1980,Gold,Sweden,Swimming,Swimming Men's 100 metres Butterfly
418,Per-Olof Arvidsson,47.0,1912,Gold,Sweden,Shooting,"Shooting Men's Running Target, Single Shot, Team"
419,Andrey Nikolayevich Aryamnov,20.0,2008,Gold,Belarus,Weightlifting,Weightlifting Men's Heavyweight
420,Laura Asadauskait-Zadneprovskien,28.0,2012,Gold,Lithuania,Modern Pentathlon,Modern Pentathlon Women's Individual
421,Giorgi Asanidze,28.0,2004,Gold,Georgia,Weightlifting,Weightlifting Men's Light-Heavyweight
422,Charles Asati,26.0,1972,Gold,Kenya,Athletics,Athletics Men's 4 x 400 metres Relay
424,Karl Gsta sbrink,26.0,1908,Gold,Sweden,Gymnastics,Gymnastics Men's Team All-Around
426,"Horace Ashenfelter, III",29.0,1952,Gold,United States,Athletics,"Athletics Men's 3,000 metres Steeplechase"
427,Evelyn Ashford (-Washington),27.0,1984,Gold,United States,Athletics,Athletics Women's 100 metres
428,Evelyn Ashford (-Washington),27.0,1984,Gold,United States,Athletics,Athletics Women's 4 x 100 metres Relay
429,Evelyn Ashford (-Washington),31.0,1988,Gold,United States,Athletics,Athletics Women's 4 x 100 metres Relay
430,Evelyn Ashford (-Washington),35.0,1992,Gold,United States,Athletics,Athletics Women's 4 x 100 metres Relay
431,"Thomas John Mitchell ""Tom"" Ashley",24.0,2008,Gold,New Zealand,Sailing,Sailing Men's Windsurfer
432,Nickel Ashmeade,26.0,2016,Gold,Jamaica,Athletics,Athletics Men's 4 x 100 metres Relay
433,"Gerald Howard ""Gerry"" Ashworth",22.0,1964,Gold,United States,Athletics,Athletics Men's 4 x 100 metres Relay
434,Khurshid Aslam,24.0,1960,Gold,Pakistan,Hockey,Hockey Men's Hockey
435,Sardar Mohammad Aslam,,1932,Gold,India,Hockey,Hockey Men's Hockey
436,Brahim Asloum,21.0,2000,Gold,France,Boxing,Boxing Men's Light-Flyweight
438,Gunnar Henry Asmussen,24.0,1968,Gold,Denmark,Cycling,"Cycling Men's Team Pursuit, 4,000 metres"
439,Karl-ke Asph,24.0,1964,Gold,Sweden,Cross Country Skiing,Cross Country Skiing Men's 4 x 10 kilometres Relay
441,Valerio Aspromonte,25.0,2012,Gold,Italy,Fencing,"Fencing Men's Foil, Team"
448,Heidi Astrup,24.0,1996,Gold,Denmark,Handball,Handball Women's Handball
449,Mahmut Atalay,34.0,1968,Gold,Turkey,Wrestling,"Wrestling Men's Welterweight, Freestyle"
451,Manzoor Hussain Atif,31.0,1960,Gold,Pakistan,Hockey,Hockey Men's Hockey
452,Celal Atik (Doan-),,1948,Gold,Turkey,Wrestling,"Wrestling Men's Lightweight, Freestyle"
454,"Sidney James Montford ""Sid"" Atkinson",27.0,1928,Gold,South Africa,Athletics,Athletics Men's 110 metres Hurdles
455,smet Atl,,1960,Gold,Turkey,Wrestling,"Wrestling Men's Light-Heavyweight, Freestyle"
456,Francesco Attolico,29.0,1992,Gold,Italy,Water Polo,Water Polo Men's Water Polo
458,"Susanne Jean ""Susie"" Atwood",19.0,1972,Gold,United States,Swimming,Swimming Women's 4 x 100 metres Medley Relay
459,Fernando Atzori,22.0,1964,Gold,Italy,Boxing,Boxing Men's Flyweight
462,Alfred Aufdenblatten,26.0,1924,Gold,Switzerland,Military Ski Patrol,Military Ski Patrol Men's Military Ski Patrol
463,Sandra Auffarth,25.0,2012,Gold,Germany,Equestrianism,"Equestrianism Mixed Three-Day Event, Team"
464,Andr Auffray,23.0,1908,Gold,France,Cycling,"Cycling Men's Tandem Sprint, 2,000 metres"
465,Inger Reidun Aufles (Dving-),26.0,1968,Gold,Norway,Cross Country Skiing,Cross Country Skiing Women's 3 x 5 kilometres Relay
467,Seimone Delicia Augustus,24.0,2008,Gold,United States,Basketball,Basketball Women's Basketball
468,Seimone Delicia Augustus,28.0,2012,Gold,United States,Basketball,Basketball Women's Basketball
469,Seimone Delicia Augustus,32.0,2016,Gold,United States,Basketball,Basketball Women's Basketball
470,Anders Aukland,29.0,2002,Gold,Norway,Cross Country Skiing,Cross Country Skiing Men's 4 x 10 kilometres Relay
471,Gaston Achille Louis Aumoitte,15.0,1900,Gold,France,Croquet,"Croquet Mixed Singles, One Ball"
472,Gaston Achille Louis Aumoitte,15.0,1900,Gold,France,Croquet,Croquet Mixed Doubles
473,Berit Kristine Aunli-Kvello,27.0,1984,Gold,Norway,Cross Country Skiing,Cross Country Skiing Women's 4 x 5 kilometres Relay
474,Charles Allen Austin,28.0,1996,Gold,United States,Athletics,Athletics Men's High Jump
475,"Michael MacKay ""Mike"" Austin",21.0,1964,Gold,United States,Swimming,Swimming Men's 4 x 100 metres Freestyle Relay
477,"ngel Pedro Victorio ""Vctor"" Avendao",20.0,1928,Gold,Argentina,Boxing,Boxing Men's Light-Heavyweight
481,Giorgio Avola,23.0,2012,Gold,Italy,Fencing,"Fencing Men's Foil, Team"
482,Nduka Awazie,19.0,2000,Gold,Nigeria,Athletics,Athletics Men's 4 x 400 metres Relay
483,Anders Per-Johan Axelsson,30.0,2006,Gold,Sweden,Ice Hockey,Ice Hockey Men's Ice Hockey
484,Charles Sumner Axtell,49.0,1908,Gold,United States,Shooting,"Shooting Men's Free Pistol, 50 yards, Team"
485,William Ayache,23.0,1984,Gold,France,Football,Football Men's Football
486,Roberto Fabin Ayala,31.0,2004,Gold,Argentina,Football,Football Men's Football
487,Almaz Ayana Eba,24.0,2016,Gold,Ethiopia,Athletics,"Athletics Women's 10,000 metres"
488,Albert Jean Louis Ayat,25.0,1900,Gold,France,Fencing,"Fencing Men's epee, Masters, Individual"
489,Albert Jean Louis Ayat,25.0,1900,Gold,France,Fencing,"Fencing Men's epee, Masters and Amateurs, Individual"
490,Ahmet Ayk,30.0,1968,Gold,Turkey,Wrestling,"Wrestling Men's Light-Heavyweight, Freestyle"
491,"Arthur DeLancey ""Dan"" Ayrault, Jr.",21.0,1956,Gold,United States,Rowing,Rowing Men's Coxed Pairs
492,"Arthur DeLancey ""Dan"" Ayrault, Jr.",25.0,1960,Gold,United States,Rowing,Rowing Men's Coxless Fours
495,Kazm Ayvaz,26.0,1964,Gold,Turkey,Wrestling,"Wrestling Men's Lightweight, Greco-Roman"
496,"Viktoriya Fyodorovna ""Vika"" Azarenko",22.0,2012,Gold,Belarus,Tennis,Tennis Mixed Doubles
497,Yelena Yuryevna Azarova,27.0,2000,Gold,Russia,Synchronized Swimming,Synchronized Swimming Women's Team
498,Yelena Yuryevna Azarova,31.0,2004,Gold,Russia,Synchronized Swimming,Synchronized Swimming Women's Team
503,Filiberto Azcuy Aguilera,23.0,1996,Gold,Cuba,Wrestling,"Wrestling Men's Welterweight, Greco-Roman"
504,Filiberto Azcuy Aguilera,27.0,2000,Gold,Cuba,Wrestling,"Wrestling Men's Welterweight, Greco-Roman"
505,Tariq Aziz,30.0,1968,Gold,Pakistan,Hockey,Hockey Men's Hockey
506,Karina Borisovna Aznavuryan,25.0,2000,Gold,Russia,Fencing,"Fencing Women's epee, Team"
507,Karina Borisovna Aznavuryan,29.0,2004,Gold,Russia,Fencing,"Fencing Women's epee, Team"
508,Jrmie Azou,27.0,2016,Gold,France,Rowing,Rowing Men's Lightweight Double Sculls
509,Jennifer Lynn Azzi,27.0,1996,Gold,United States,Basketball,Basketball Women's Basketball
510,"Christina Wilhelmina ""Stien"" Baas-Kaiser",33.0,1972,Gold,Netherlands,Speed Skating,"Speed Skating Women's 3,000 metres"
511,Tijani Babangida,22.0,1996,Gold,Nigeria,Football,Football Men's Football
512,"Jack Babashoff, Jr.",21.0,1976,Gold,United States,Swimming,Swimming Men's 4 x 100 metres Medley Relay
513,Shirley Frances Babashoff,15.0,1972,Gold,United States,Swimming,Swimming Women's 4 x 100 metres Freestyle Relay
514,Shirley Frances Babashoff,15.0,1972,Gold,United States,Swimming,Swimming Women's 4 x 100 metres Medley Relay
515,Shirley Frances Babashoff,19.0,1976,Gold,United States,Swimming,Swimming Women's 4 x 100 metres Freestyle Relay
516,Celestine Boyd Jonto Hycieth Babayaro,17.0,1996,Gold,Nigeria,Football,Football Men's Football
517,Kristen Elizabeth Babb-Sprague,23.0,1992,Gold,United States,Synchronized Swimming,Synchronized Swimming Women's Solo
518,"Henry Stoddard ""Harry"" Babcock",21.0,1912,Gold,United States,Athletics,Athletics Men's Pole Vault
519,Alonzo Carl Babers,22.0,1984,Gold,United States,Athletics,Athletics Men's 400 metres
520,Alonzo Carl Babers,22.0,1984,Gold,United States,Athletics,Athletics Men's 4 x 400 metres Relay
522,Sorin Babii,24.0,1988,Gold,Romania,Shooting,"Shooting Men's Free Pistol, 50 metres"
527,Tina Bachmann,26.0,2004,Gold,Germany,Hockey,Hockey Women's Hockey
528,Helge Gustaf Samuel Bckander,28.0,1920,Gold,Sweden,Gymnastics,"Gymnastics Men's Team All-Around, Swedish System"
529,Rune Christian Bckman,25.0,2006,Gold,Sweden,Ice Hockey,Ice Hockey Men's Ice Hockey
530,"Charles James Bacon, Jr.",23.0,1908,Gold,United States,Athletics,Athletics Men's 400 metres Hurdles
532,Diana Bacosi,33.0,2016,Gold,Italy,Shooting,Shooting Women's Skeet
533,Pter Baczak,28.0,1980,Gold,Hungary,Weightlifting,Weightlifting Men's Middle-Heavyweight
534,Sunday Bada,31.0,2000,Gold,Nigeria,Athletics,Athletics Men's 4 x 400 metres Relay
536,Ioana Badea,20.0,1984,Gold,Romania,Rowing,Rowing Women's Coxed Quadruple Sculls
539,Karl Bhre,29.0,1928,Gold,Germany,Water Polo,Water Polo Men's Water Polo
541,Margaret Ann Bailes (Johnson-),17.0,1968,Gold,United States,Athletics,Athletics Women's 4 x 100 metres Relay
542,Antonio Bailetti,22.0,1960,Gold,Italy,Cycling,Cycling Men's 100 kilometres Team Time Trial
543,Aleen May Bailey,23.0,2004,Gold,Jamaica,Athletics,Athletics Women's 4 x 100 metres Relay
544,"Christina ""Chris"" Bailey",26.0,1998,Gold,United States,Ice Hockey,Ice Hockey Women's Ice Hockey
545,Donovan Bailey,28.0,1996,Gold,Canada,Athletics,Athletics Men's 100 metres
546,Donovan Bailey,28.0,1996,Gold,Canada,Athletics,Athletics Men's 4 x 100 metres Relay
547,Henry Marvin Bailey,31.0,1924,Gold,United States,Shooting,"Shooting Men's Rapid-Fire Pistol, 25 metres"
549,Kemar Bailey-Cole,20.0,2012,Gold,Jamaica,Athletics,Athletics Men's 4 x 100 metres Relay
550,Kemar Bailey-Cole,24.0,2016,Gold,Jamaica,Athletics,Athletics Men's 4 x 100 metres Relay
553,Flix Pierre Victor Bailly,43.0,1932,Gold,France,Art Competitions,"Art Competitions Mixed Architecture, Architectural Designs"
554,Angie Lee Bainbridge,18.0,2008,Gold,Australia,Swimming,Swimming Women's 4 x 200 metres Freestyle Relay
555,George Hetzel Baird,21.0,1928,Gold,United States,Athletics,Athletics Men's 4 x 400 metres Relay
557,Oksana Serhivna Baiul,16.0,1994,Gold,Ukraine,Figure Skating,Figure Skating Women's Singles
558,"Wiliam Robert ""Bill"" Baker",23.0,1980,Gold,United States,Ice Hockey,Ice Hockey Men's Ice Hockey
559,Kathleen Baker,19.0,2016,Gold,United States,Swimming,Swimming Women's 4 x 100 metres Medley Relay
560,Keshia Chantay Baker (-Kirtz),24.0,2012,Gold,United States,Athletics,Athletics Women's 4 x 400 metres Relay
561,Laurie Baker (-Mutch),21.0,1998,Gold,United States,Ice Hockey,Ice Hockey Women's Ice Hockey
562,Mashu Baker,21.0,2016,Gold,Japan,Judo,Judo Men's Middleweight
563,Walter Thane Baker,25.0,1956,Gold,United States,Athletics,Athletics Men's 4 x 100 metres Relay
564,"Vincent Lamont ""Vin"" Baker",28.0,2000,Gold,United States,Basketball,Basketball Men's Basketball
566,Roberto Balado Mndez,23.0,1992,Gold,Cuba,Boxing,Boxing Men's Super-Heavyweight
567,Dmitry Igorevich Balandin,21.0,2016,Gold,Kazakhstan,Swimming,Swimming Men's 200 metres Breaststroke
568,Iolanda Bala (-Ster),23.0,1960,Gold,Romania,Athletics,Athletics Women's High Jump
569,Iolanda Bala (-Ster),27.0,1964,Gold,Romania,Athletics,Athletics Women's High Jump
571,Andrs Balcz,22.0,1960,Gold,Hungary,Modern Pentathlon,Modern Pentathlon Men's Team
572,Andrs Balcz,30.0,1968,Gold,Hungary,Modern Pentathlon,Modern Pentathlon Men's Team
573,Andrs Balcz,34.0,1972,Gold,Hungary,Modern Pentathlon,Modern Pentathlon Men's Individual
574,Baldo Baldi,32.0,1920,Gold,Italy,Fencing,"Fencing Men's Foil, Team"
575,Baldo Baldi,32.0,1920,Gold,Italy,Fencing,"Fencing Men's Sabre, Team"
576,Andrea Baldini,26.0,2012,Gold,Italy,Fencing,"Fencing Men's Foil, Team"
577,Ercole Baldini,23.0,1956,Gold,Italy,Cycling,"Cycling Men's Road Race, Individual"
578,Stefano Baldini,33.0,2004,Gold,Italy,Athletics,Athletics Men's Marathon
579,Giuseppe Baldo,22.0,1936,Gold,Italy,Football,Football Men's Football
580,Marta Bald Marn,17.0,1996,Gold,Spain,Rhythmic Gymnastics,Rhythmic Gymnastics Women's Group
581,Ivano Bali,25.0,2004,Gold,Croatia,Handball,Handball Men's Handball
582,"Nikolaus ""Klaus"" Balkenhol",52.0,1992,Gold,Germany,Equestrianism,"Equestrianism Mixed Dressage, Team"
583,"Nikolaus ""Klaus"" Balkenhol",56.0,1996,Gold,Germany,Equestrianism,"Equestrianism Mixed Dressage, Team"
584,"Catherine Northcutt ""Catie"" Ball (-Condon)",17.0,1968,Gold,United States,Swimming,Swimming Women's 4 x 100 metres Medley Relay
585,Lloy James Ball,36.0,2008,Gold,United States,Volleyball,Volleyball Men's Volleyball
586,Flicia Michele Sylviane Ballanger (-Vetu),25.0,1996,Gold,France,Cycling,Cycling Women's Sprint
587,Flicia Michele Sylviane Ballanger (-Vetu),29.0,2000,Gold,France,Cycling,Cycling Women's Sprint
588,Flicia Michele Sylviane Ballanger (-Vetu),29.0,2000,Gold,France,Cycling,Cycling Women's 500 metres Time Trial
589,Ivar Eugen Ballangrud (Eriksen-),23.0,1928,Gold,Norway,Speed Skating,"Speed Skating Men's 5,000 metres"
590,Ivar Eugen Ballangrud (Eriksen-),31.0,1936,Gold,Norway,Speed Skating,Speed Skating Men's 500 metres
591,Ivar Eugen Ballangrud (Eriksen-),31.0,1936,Gold,Norway,Speed Skating,"Speed Skating Men's 5,000 metres"
592,Ivar Eugen Ballangrud (Eriksen-),31.0,1936,Gold,Norway,Speed Skating,"Speed Skating Men's 10,000 metres"
593,Daniel Ballart Sans,23.0,1996,Gold,Spain,Water Polo,Water Polo Men's Water Polo
594,Jos Luis Ballester Tuliesa,27.0,1996,Gold,Spain,Sailing,Sailing Mixed Multihull
595,"Suzanne Elspeth ""Suzy"" Balogh",31.0,2004,Gold,Australia,Shooting,Shooting Women's Trap
596,"Samuel J. ""Sam"" Balter, Jr.",26.0,1936,Gold,United States,Basketball,Basketball Men's Basketball
598,Flix Balyu,28.0,1920,Gold,Belgium,Football,Football Men's Football
599,Guido Balzarini,49.0,1924,Gold,Italy,Fencing,"Fencing Men's Sabre, Team"
600,Oana Mihaela Ban,18.0,2004,Gold,Romania,Gymnastics,Gymnastics Women's Team All-Around
601,"Edward Joseph ""Ed"" Banach",24.0,1984,Gold,United States,Wrestling,"Wrestling Men's Light-Heavyweight, Freestyle"
602,Lou David Banach,24.0,1984,Gold,United States,Wrestling,"Wrestling Men's Heavyweight, Freestyle"
603,Willy Bandholz,24.0,1936,Gold,Germany,Handball,Handball Men's Handball
604,"Voldimars ""Valdemar"" Bandolowski",30.0,1976,Gold,Denmark,Sailing,Sailing Mixed Three Person Keelboat
605,"Voldimars ""Valdemar"" Bandolowski",34.0,1980,Gold,Denmark,Sailing,Sailing Mixed Three Person Keelboat
606,ver Maximiliano David Banega,20.0,2008,Gold,Argentina,Football,Football Men's Football
607,Bang Su-Hyeon,23.0,1996,Gold,South Korea,Badminton,Badminton Women's Singles
608,Jesper Bank,35.0,1992,Gold,Denmark,Sailing,Sailing Mixed Three Person Keelboat
609,Jesper Bank,43.0,2000,Gold,Denmark,Sailing,Sailing Mixed Three Person Keelboat
610,Helmut Bantz,35.0,1956,Gold,Germany,Gymnastics,Gymnastics Men's Horse Vault
611,Carina Br,26.0,2016,Gold,Germany,Rowing,Rowing Women's Quadruple Sculls
612,Samir Bara,38.0,2012,Gold,Croatia,Water Polo,Water Polo Men's Water Polo
613,Xavier Barachet,23.0,2012,Gold,France,Handball,Handball Men's Handball
614,Primo Baran,25.0,1968,Gold,Italy,Rowing,Rowing Men's Coxed Pairs
615,Nataliya Ivanovna Baranova (Masolkina-),30.0,2006,Gold,Russia,Cross Country Skiing,Cross Country Skiing Women's 4 x 5 kilometres Relay
617,rpd Brny,33.0,1964,Gold,Hungary,Fencing,"Fencing Men's epee, Team"
619,Darren Barber,23.0,1992,Gold,Canada,Rowing,Rowing Men's Coxed Eights
621,"Raymond James ""Ray"" Barbuti",22.0,1928,Gold,United States,Athletics,Athletics Men's 400 metres
622,"Raymond James ""Ray"" Barbuti",22.0,1928,Gold,United States,Athletics,Athletics Men's 4 x 400 metres Relay
623,Danio Bardi,23.0,1960,Gold,Italy,Water Polo,Water Polo Men's Water Polo
624,Mara del Carmen Barea Cobos,25.0,1992,Gold,Spain,Hockey,Hockey Women's Hockey
629,"Clifford Eugene ""Cliff"" Barker",27.0,1948,Gold,United States,Basketball,Basketball Men's Basketball
631,Charles Wade Barkley,29.0,1992,Gold,United States,Basketball,Basketball Men's Basketball
632,Charles Wade Barkley,33.0,1996,Gold,United States,Basketball,Basketball Men's Basketball
633,Jane Louise Barkman (-Brown),17.0,1968,Gold,United States,Swimming,Swimming Women's 4 x 100 metres Freestyle Relay
634,Jane Louise Barkman (-Brown),20.0,1972,Gold,United States,Swimming,Swimming Women's 4 x 100 metres Freestyle Relay
635,"Donald Argee ""Don"" Barksdale",25.0,1948,Gold,United States,Basketball,Basketball Men's Basketball
636,Valrie Gisele Angele Barlois-Mevel-Leroux,27.0,1996,Gold,France,Fencing,"Fencing Women's epee, Team"
638,Harrison Bryce Jordan Barnes,24.0,2016,Gold,United States,Basketball,Basketball Men's Basketball
639,"Velvet James ""Jim"" Barnes",23.0,1964,Gold,United States,Basketball,Basketball Men's Basketball
640,Jennifer-Kirsten Barnes,24.0,1992,Gold,Canada,Rowing,Rowing Women's Coxless Fours
641,Jennifer-Kirsten Barnes,24.0,1992,Gold,Canada,Rowing,Rowing Women's Coxed Eights
642,"Lee Stratford Barnes, Jr.",17.0,1924,Gold,United States,Athletics,Athletics Men's Pole Vault
643,"Eric Randolph ""Randy"" Barnes",30.0,1996,Gold,United States,Athletics,Athletics Men's Shot Put
645,Bengt Baron,18.0,1980,Gold,Sweden,Swimming,Swimming Men's 100 metres Backstroke
646,Khasan Makharbekovich Baroyev,21.0,2004,Gold,Russia,Wrestling,"Wrestling Men's Super-Heavyweight, Greco-Roman"
647,Bronte Amelia Arnold Barratt,19.0,2008,Gold,Australia,Swimming,Swimming Women's 4 x 200 metres Freestyle Relay
648,Hermann Joseph Barrelet,20.0,1900,Gold,France,Rowing,Rowing Men's Single Sculls
650,"Michael Thomas ""Mike"" Barrett",25.0,1968,Gold,United States,Basketball,Basketball Men's Basketball
652,Peter Jones Barrett,33.0,1968,Gold,United States,Sailing,Sailing Mixed Two Person Keelboat
654,Sonia Barrio Gutirrez,22.0,1992,Gold,Spain,Hockey,Hockey Women's Hockey
655,"Michael Ray ""Mike"" Barrowman",23.0,1992,Gold,United States,Swimming,Swimming Men's 200 metres Breaststroke
656,"Jack Leonard ""Jay"" Barrs, Jr.",26.0,1988,Gold,United States,Archery,Archery Men's Individual
657,Yuliya Vladimirovna Barsukova (-Samokhin),21.0,2000,Gold,Russia,Rhythmic Gymnastics,Rhythmic Gymnastics Women's Individual
658,Istvn Barta (Berger),36.0,1932,Gold,Hungary,Water Polo,Water Polo Men's Water Polo
659,Marcello Bartalini,22.0,1984,Gold,Italy,Cycling,Cycling Men's 100 kilometres Team Time Trial
660,"Carmine R. ""Carmen"" Barth (DiBartolomeo-)",19.0,1932,Gold,United States,Boxing,Boxing Men's Middleweight
661,"Josef Henri ""Josy"" Barthel",25.0,1952,Gold,Luxembourg,Athletics,"Athletics Men's 1,500 metres"
662,Yan Barthelem Varela,24.0,2004,Gold,Cuba,Boxing,Boxing Men's Light-Flyweight
663,Richard Barthlemy,,1912,Gold,Italy,Art Competitions,Art Competitions Mixed Music
664,Robert Bartko,24.0,2000,Gold,Germany,Cycling,"Cycling Men's Individual Pursuit, 4,000 metres"
665,Robert Bartko,24.0,2000,Gold,Germany,Cycling,"Cycling Men's Team Pursuit, 4,000 metres"
667,Michiel Bernhard Emiel Marie Bartman,29.0,1996,Gold,Netherlands,Rowing,Rowing Men's Coxed Eights
668,"Gregory Mark ""Greg"" Barton",28.0,1988,Gold,United States,Canoeing,"Canoeing Men's Kayak Singles, 1,000 metres"
669,"Gregory Mark ""Greg"" Barton",28.0,1988,Gold,United States,Canoeing,"Canoeing Men's Kayak Doubles, 1,000 metres"
670,Saskia Bartusiak,33.0,2016,Gold,Germany,Football,Football Women's Football
671,Anita Brwirth (-Hardekopf),17.0,1936,Gold,Germany,Gymnastics,Gymnastics Women's Team All-Around
676,Fabio Basile,21.0,2016,Gold,Italy,Judo,Judo Men's Half-Lightweight
677,Giulio Basletta,38.0,1928,Gold,Italy,Fencing,"Fencing Men's epee, Team"
678,"Raymond Henry ""Benny"" Bass",22.0,1932,Gold,United States,Gymnastics,Gymnastics Men's Rope Climbing
679,Lanny Robert Bassham,29.0,1976,Gold,United States,Shooting,"Shooting Mixed Small-Bore Rifle, Three Positions, 50 metres"
680,Istvn Bsti,24.0,1968,Gold,Hungary,Football,Football Men's Football
681,Louis Bastien,18.0,1900,Gold,France,Cycling,Cycling Men's 25 kilometres
682,Guillaume Bastille,24.0,2010,Gold,Canada,Short Track Speed Skating,"Short Track Speed Skating Men's 5,000 metres Relay"
683,Dsir Bastin,20.0,1920,Gold,Belgium,Football,Football Men's Football
684,Waldemar Romuald Baszanowski,29.0,1964,Gold,Poland,Weightlifting,Weightlifting Men's Lightweight
685,Waldemar Romuald Baszanowski,33.0,1968,Gold,Poland,Weightlifting,Weightlifting Men's Lightweight
688,Walter Bathe,19.0,1912,Gold,Germany,Swimming,Swimming Men's 200 metres Breaststroke
689,Walter Bathe,19.0,1912,Gold,Germany,Swimming,Swimming Men's 400 metres Breaststroke
690,Roberto Battaglia,43.0,1952,Gold,Italy,Fencing,"Fencing Men's epee, Team"
691,Mavlet Alavdinovich Batyrov,20.0,2004,Gold,Russia,Wrestling,"Wrestling Men's Featherweight, Freestyle"
692,Mavlet Alavdinovich Batyrov,24.0,2008,Gold,Russia,Wrestling,"Wrestling Men's Lightweight, Freestyle"
694,Fritz Bauer,30.0,1936,Gold,Germany,Rowing,Rowing Men's Coxed Fours
695,Paul Friedrich Peter Bauer,35.0,1932,Gold,Germany,Art Competitions,Art Competitions Mixed Literature
696,Rudolf (-Rezs) Bauer,21.0,1900,Gold,Hungary,Athletics,Athletics Men's Discus Throw
697,Sybil Lorina Bauer,20.0,1924,Gold,United States,Swimming,Swimming Women's 100 metres Backstroke
698,Viola Bauer,25.0,2002,Gold,Germany,Cross Country Skiing,Cross Country Skiing Women's 4 x 5 kilometres Relay
699,Pierre Baugniet,22.0,1948,Gold,Belgium,Figure Skating,Figure Skating Mixed Pairs
700,"Hermine ""Herma"" Bauma",33.0,1948,Gold,Austria,Athletics,Athletics Women's Javelin Throw
701,"Alexander ""Alex"" Baumann",20.0,1984,Gold,Canada,Swimming,Swimming Men's 200 metres Individual Medley
702,"Alexander ""Alex"" Baumann",20.0,1984,Gold,Canada,Swimming,Swimming Men's 400 metres Individual Medley
703,Dieter Baumann,27.0,1992,Gold,Germany,Athletics,"Athletics Men's 5,000 metres"
705,Wilhelm Baumann,23.0,1936,Gold,Germany,Handball,Handball Men's Handball
708,Bruce Robert Baumgartner,23.0,1984,Gold,United States,Wrestling,"Wrestling Men's Super-Heavyweight, Freestyle"
709,Bruce Robert Baumgartner,31.0,1992,Gold,United States,Wrestling,"Wrestling Men's Super-Heavyweight, Freestyle"
710,"James Aloysius Bernard ""Jim"" Bausch",26.0,1932,Gold,United States,Athletics,Athletics Men's Decathlon
712,Daniel Bautista Rocha,23.0,1976,Gold,Mexico,Athletics,Athletics Men's 20 kilometres Walk
713,Florence  Andre Isabelle Baverel-Robert,31.0,2006,Gold,France,Biathlon,Biathlon Women's 7.5 kilometres Sprint
714,"Irving Knott ""Irv"" Baxter",24.0,1900,Gold,United States,Athletics,Athletics Men's High Jump
715,"Irving Knott ""Irv"" Baxter",24.0,1900,Gold,United States,Athletics,Athletics Men's Pole Vault
716,Ryan Neville Bayley,22.0,2004,Gold,Australia,Cycling,Cycling Men's Sprint
717,Ryan Neville Bayley,22.0,2004,Gold,Australia,Cycling,Cycling Men's Keirin
718,Mithat Bayrak,27.0,1956,Gold,Turkey,Wrestling,"Wrestling Men's Welterweight, Greco-Roman"
719,Mithat Bayrak,31.0,1960,Gold,Turkey,Wrestling,"Wrestling Men's Welterweight, Greco-Roman"
720,Svetlana Valeryevna Bazhanova,21.0,1994,Gold,Russia,Speed Skating,"Speed Skating Women's 3,000 metres"
724,"Robert ""Bob"" Beamon",22.0,1968,Gold,United States,Athletics,Athletics Men's Long Jump
725,Amanda Ray Beard (-Brown),14.0,1996,Gold,United States,Swimming,Swimming Women's 4 x 100 metres Medley Relay
726,Amanda Ray Beard (-Brown),22.0,2004,Gold,United States,Swimming,Swimming Women's 200 metres Breaststroke
727,"Elizabeth Ann ""Betsy"" Beard (-Stillings)",22.0,1984,Gold,United States,Rowing,Rowing Women's Coxed Eights
728,"Ralph Milton Beard, Jr.",20.0,1948,Gold,United States,Basketball,Basketball Men's Basketball
729,Clment Beaud,19.0,2000,Gold,Cameroon,Football,Football Men's Football
730,Roger Joseph Edmond Beaufrand,19.0,1928,Gold,France,Cycling,Cycling Men's Sprint
731,Bronisaw Bebel,27.0,1976,Gold,Poland,Volleyball,Volleyball Men's Volleyball
735,Luigi Beccali,24.0,1932,Gold,Italy,Athletics,"Athletics Men's 1,500 metres"
736,Kelly Bchard,24.0,2002,Gold,Canada,Ice Hockey,Ice Hockey Women's Ice Hockey
737,Petre Becheru,24.0,1984,Gold,Romania,Weightlifting,Weightlifting Men's Light-Heavyweight
739,"Lewis William ""Lew"" Beck, Jr.",26.0,1948,Gold,United States,Basketball,Basketball Men's Basketball
740,Nicole Elise Beck,28.0,2016,Gold,Australia,Rugby Sevens,Rugby Sevens Women's Rugby Sevens
742,Daniel Becke,22.0,2000,Gold,Germany,Cycling,"Cycling Men's Team Pursuit, 4,000 metres"
743,Andreas Becker,22.0,1992,Gold,Germany,Hockey,Hockey Men's Hockey
744,Boris Franz Becker,24.0,1992,Gold,Germany,Tennis,Tennis Men's Doubles
745,Otto Becker,41.0,2000,Gold,Germany,Equestrianism,"Equestrianism Mixed Jumping, Team"
746,"Elizabeth Anna ""Betty"" Becker-Pinkston (-Campbell)",21.0,1924,Gold,United States,Diving,Diving Women's Springboard
747,"Elizabeth Anna ""Betty"" Becker-Pinkston (-Campbell)",25.0,1928,Gold,United States,Diving,Diving Women's Platform
748,Franz Ernst Beckert,29.0,1936,Gold,Germany,Gymnastics,Gymnastics Men's Team All-Around
749,Stephanie Beckert,21.0,2010,Gold,Germany,Speed Skating,Speed Skating Women's Team Pursuit (6 laps)
750,William Russell Becklean,20.0,1956,Gold,United States,Rowing,Rowing Men's Coxed Eights
751,ric Bdard,21.0,1998,Gold,Canada,Short Track Speed Skating,"Short Track Speed Skating Men's 5,000 metres Relay"
752,ric Bdard,25.0,2002,Gold,Canada,Short Track Speed Skating,"Short Track Speed Skating Men's 5,000 metres Relay"
753,Myriam Bdard,24.0,1994,Gold,Canada,Biathlon,Biathlon Women's 7.5 kilometres Sprint
754,Myriam Bdard,24.0,1994,Gold,Canada,Biathlon,Biathlon Women's 15 kilometres
755,"Barbara Jane ""B. J."" Bedford (-Miller)",27.0,2000,Gold,United States,Swimming,Swimming Women's 4 x 100 metres Medley Relay
756,"Donald Anton Eilers ""Don"" Beer",21.0,1956,Gold,United States,Rowing,Rowing Men's Coxed Eights
758,Ludger Beerbaum,28.0,1992,Gold,Germany,Equestrianism,"Equestrianism Mixed Jumping, Individual"
759,Ludger Beerbaum,32.0,1996,Gold,Germany,Equestrianism,"Equestrianism Mixed Jumping, Team"
760,Ludger Beerbaum,37.0,2000,Gold,Germany,Equestrianism,"Equestrianism Mixed Jumping, Team"
762,"Daniel ""Dan"" Beery",29.0,2004,Gold,United States,Rowing,Rowing Men's Coxed Eights
764,Dale Begg-Smith,21.0,2006,Gold,Australia,Freestyle Skiing,Freestyle Skiing Men's Moguls
765,Giuseppe Beghetto,20.0,1960,Gold,Italy,Cycling,"Cycling Men's Tandem Sprint, 2,000 metres"
766,Petra Behle-Schaaf,29.0,1998,Gold,Germany,Biathlon,Biathlon Women's 4 x 7.5 kilometres Relay
772,Wolfgang Behrendt,20.0,1956,Gold,Germany,Boxing,Boxing Men's Bantamweight
773,Melanie Behringer,30.0,2016,Gold,Germany,Football,Football Women's Football
774,"Anthonie Christiaan ""Teun"" Beijnen",24.0,1924,Gold,Netherlands,Rowing,Rowing Men's Coxless Pairs
775,Ruth Beita Vila,37.0,2016,Gold,Spain,Athletics,Athletics Women's High Jump
776,Sofia Bekatorou (-Kosmatopoulos),26.0,2004,Gold,Greece,Sailing,Sailing Women's Two Person Dinghy
777,Kenenisa Bekele Beyecha,22.0,2004,Gold,Ethiopia,Athletics,"Athletics Men's 10,000 metres"
778,Kenenisa Bekele Beyecha,26.0,2008,Gold,Ethiopia,Athletics,"Athletics Men's 5,000 metres"
779,Kenenisa Bekele Beyecha,26.0,2008,Gold,Ethiopia,Athletics,"Athletics Men's 10,000 metres"
780,Aleksandr Vladimirovich Beketov,26.0,1996,Gold,Russia,Fencing,"Fencing Men's epee, Individual"
781,Kristin Bekkevold,23.0,2000,Gold,Norway,Football,Football Women's Football
782,Daniel N'Dene Bekono,22.0,2000,Gold,Cameroon,Football,Football Men's Football
783,Tracey Lee Belbin,21.0,1988,Gold,Australia,Hockey,Hockey Women's Hockey
784,Mathew Belcher,29.0,2012,Gold,Australia,Sailing,Sailing Men's Two Person Dinghy
786,"Gregory Curtis ""Greg"" Bell",26.0,1956,Gold,United States,Athletics,Athletics Men's Long Jump
787,"Florence Isabel ""Jane"" Bell (-Walker, -Doane)",17.0,1928,Gold,Canada,Athletics,Athletics Women's 4 x 100 metres Relay
788,Regla Maritza Bell McKenzie,22.0,1992,Gold,Cuba,Volleyball,Volleyball Women's Volleyball
789,Regla Maritza Bell McKenzie,26.0,1996,Gold,Cuba,Volleyball,Volleyball Women's Volleyball
790,Regla Maritza Bell McKenzie,30.0,2000,Gold,Cuba,Volleyball,Volleyball Women's Volleyball
791,"Walter Jones ""Walt"" Bellamy, Jr.",23.0,1960,Gold,United States,Basketball,Basketball Men's Basketball
792,"Norman Dean ""Norm"" Bellingham",23.0,1988,Gold,United States,Canoeing,"Canoeing Men's Kayak Doubles, 1,000 metres"
794,Ettore Bellotto,25.0,1920,Gold,Italy,Gymnastics,Gymnastics Men's Team All-Around
795,Antonella Bellutti,27.0,1996,Gold,Italy,Cycling,"Cycling Women's Individual Pursuit, 3,000 metres"
796,Antonella Bellutti,31.0,2000,Gold,Italy,Cycling,Cycling Women's Points Race
798,Stefania Belmondo,23.0,1992,Gold,Italy,Cross Country Skiing,Cross Country Skiing Women's 30 kilometres
799,Stefania Belmondo,33.0,2002,Gold,Italy,Cross Country Skiing,Cross Country Skiing Women's 15 kilometres
800,Mireia Belmonte Garca,25.0,2016,Gold,Spain,Swimming,Swimming Women's 200 metres Butterfly
804,"Melissa Louise Belote (-Hamlin, -Ripley)",15.0,1972,Gold,United States,Swimming,Swimming Women's 100 metres Backstroke
805,"Melissa Louise Belote (-Hamlin, -Ripley)",15.0,1972,Gold,United States,Swimming,Swimming Women's 200 metres Backstroke
806,"Melissa Louise Belote (-Hamlin, -Ripley)",15.0,1972,Gold,United States,Swimming,Swimming Women's 4 x 100 metres Medley Relay
812,Irina Olegovna Belova,19.0,2000,Gold,Russia,Rhythmic Gymnastics,Rhythmic Gymnastics Women's Group
813,Olesya Vladimirovna Belugina,20.0,2004,Gold,Russia,Rhythmic Gymnastics,Rhythmic Gymnastics Women's Group
816,Ferenc Bene,19.0,1964,Gold,Hungary,Football,Football Men's Football
817,Emil Benecke,29.0,1928,Gold,Germany,Water Polo,Water Polo Men's Water Polo
818,Gbor Benedek,25.0,1952,Gold,Hungary,Modern Pentathlon,Modern Pentathlon Men's Team
819,Tibor Benedek,28.0,2000,Gold,Hungary,Water Polo,Water Polo Men's Water Polo
820,Tibor Benedek,32.0,2004,Gold,Hungary,Water Polo,Water Polo Men's Water Polo
821,Tibor Benedek,36.0,2008,Gold,Hungary,Water Polo,Water Polo Men's Water Polo
822,Charles Sumner Benedict,40.0,1908,Gold,United States,Shooting,"Shooting Men's Military Rifle, 200/500/600/800/900/1,000 Yards, Team"
823,Andrea Benelli,44.0,2004,Gold,Italy,Shooting,Shooting Men's Skeet
824,Bengt Folke Bengtsson,22.0,1920,Gold,Sweden,Gymnastics,"Gymnastics Men's Team All-Around, Swedish System"
826,Lindsay Dianne Benko (-Mintenko),23.0,2000,Gold,United States,Swimming,Swimming Women's 4 x 200 metres Freestyle Relay
827,Lindsay Dianne Benko (-Mintenko),27.0,2004,Gold,United States,Swimming,Swimming Women's 4 x 200 metres Freestyle Relay
828,"James Randolph ""Jamie"" Benn",24.0,2014,Gold,Canada,Ice Hockey,Ice Hockey Men's Ice Hockey
829,"Huelet Leo ""Joe"" Benner",34.0,1952,Gold,United States,Shooting,"Shooting Men's Free Pistol, 50 metres"
830,"Robert Earl ""Bob"" Bennett",17.0,1960,Gold,United States,Swimming,Swimming Men's 4 x 100 metres Medley Relay
831,"Robert Earl ""Bob"" Bennett",21.0,1964,Gold,United States,Swimming,Swimming Men's 4 x 100 metres Medley Relay
832,Brooke Marie Bennett (-Frioud),16.0,1996,Gold,United States,Swimming,Swimming Women's 800 metres Freestyle
833,Brooke Marie Bennett (-Frioud),20.0,2000,Gold,United States,Swimming,Swimming Women's 400 metres Freestyle
834,Brooke Marie Bennett (-Frioud),20.0,2000,Gold,United States,Swimming,Swimming Women's 800 metres Freestyle
839,Carina Marguerite Benninga,21.0,1984,Gold,Netherlands,Hockey,Hockey Women's Hockey
840,Joan Benoit (-Samuelson),27.0,1984,Gold,United States,Athletics,Athletics Women's Marathon
841,"Robert John ""Bobby"" Benson",25.0,1920,Gold,Canada,Ice Hockey,Ice Hockey Men's Ice Hockey
844,"William Bruce ""Bill"" Bentsen",42.0,1972,Gold,United States,Sailing,Sailing Mixed Three Person Keelboat
845,"Joseph ""Gunnar"" Bentz",20.0,2016,Gold,United States,Swimming,Swimming Men's 4 x 200 metres Freestyle Relay
846,"Giovanni ""Nino"" Benvenuti",22.0,1960,Gold,Italy,Boxing,Boxing Men's Welterweight
849,Gheorghe Berceanu,22.0,1972,Gold,Romania,Wrestling,"Wrestling Men's Light-Flyweight, Greco-Roman"
850,Tibor Berczelly (Berczeller-),24.0,1936,Gold,Hungary,Fencing,"Fencing Men's Sabre, Team"
851,Tibor Berczelly (Berczeller-),36.0,1948,Gold,Hungary,Fencing,"Fencing Men's Sabre, Team"
852,Tibor Berczelly (Berczeller-),40.0,1952,Gold,Hungary,Fencing,"Fencing Men's Sabre, Team"
854,"Richard ""Ricky"" Berens",20.0,2008,Gold,United States,Swimming,Swimming Men's 4 x 200 metres Freestyle Relay
855,"Richard ""Ricky"" Berens",24.0,2012,Gold,United States,Swimming,Swimming Men's 4 x 200 metres Freestyle Relay
860,Dmitry Vladimirovich Berestov,24.0,2004,Gold,Russia,Weightlifting,Weightlifting Men's Heavyweight
861,Yury Viktorovich Berezhko,28.0,2012,Gold,Russia,Volleyball,Volleyball Men's Volleyball
865,Eero Edvin Berg,26.0,1924,Gold,Finland,Athletics,"Athletics Men's Cross-Country, Team"
866,Laura Kay Berg,21.0,1996,Gold,United States,Softball,Softball Women's Softball
867,Laura Kay Berg,25.0,2000,Gold,United States,Softball,Softball Women's Softball
868,Laura Kay Berg,29.0,2004,Gold,United States,Softball,Softball Women's Softball
869,Giancarlo Bergamini,30.0,1956,Gold,Italy,Fencing,"Fencing Men's Foil, Team"
870,Alfred Berger,29.0,1924,Gold,Austria,Figure Skating,Figure Skating Mixed Pairs
871,Herman Georges Berger,32.0,1908,Gold,France,Fencing,"Fencing Men's epee, Team"
872,"Isaac ""Ike"" Berger",20.0,1956,Gold,United States,Weightlifting,Weightlifting Men's Featherweight
875,"Samuel ""Sam"" Berger",19.0,1904,Gold,United States,Boxing,Boxing Men's Heavyweight
876,Tora Berger (-Tveldal),28.0,2010,Gold,Norway,Biathlon,Biathlon Women's 15 kilometres
877,Tora Berger (-Tveldal),32.0,2014,Gold,Norway,Biathlon,Biathlon Mixed 2 x 6 kilometres and 2 x 7.5 kilometres Relay
878,Tore Berger,23.0,1968,Gold,Norway,Canoeing,"Canoeing Men's Kayak Fours, 1,000 metres"
879,Patrice Bergeron-Cleary,24.0,2010,Gold,Canada,Ice Hockey,Ice Hockey Men's Ice Hockey
880,Patrice Bergeron-Cleary,28.0,2014,Gold,Canada,Ice Hockey,Ice Hockey Men's Ice Hockey
881,"Rafael ""Rafa"" Berges Marn",21.0,1992,Gold,Spain,Football,Football Men's Football
882,Evy Margareta Berggren (-Westerberg),18.0,1952,Gold,Sweden,Gymnastics,Gymnastics Women's Team Portable Apparatus
883,Ralph Douglas Charles Berglund,29.0,1994,Gold,Sweden,Ice Hockey,Ice Hockey Men's Ice Hockey
884,Hans Gustaf Bo Berglund,30.0,1948,Gold,Sweden,Canoeing,"Canoeing Men's Kayak Doubles, 1,000 metres"
885,Adolf Bergman,33.0,1912,Gold,Sweden,Tug-Of-War,Tug-Of-War Men's Tug-Of-War
886,Arnfinn Bergmann,23.0,1952,Gold,Norway,Ski Jumping,"Ski Jumping Men's Normal Hill, Individual"
887,Eric Bergoust,28.0,1998,Gold,United States,Freestyle Skiing,Freestyle Skiing Men's Aerials
889,Pr Jonas Bergqvist,31.0,1994,Gold,Sweden,Ice Hockey,Ice Hockey Men's Ice Hockey
890,Jacob Jorrit Bergsma,28.0,2014,Gold,Netherlands,Speed Skating,"Speed Skating Men's 10,000 metres"
892,Krisztin Berki,27.0,2012,Gold,Hungary,Gymnastics,Gymnastics Men's Pommelled Horse
893,"David Charles ""Dave"" Berkoff",21.0,1988,Gold,United States,Swimming,Swimming Men's 4 x 100 metres Medley Relay
894,"David Charles ""Dave"" Berkoff",25.0,1992,Gold,United States,Swimming,Swimming Men's 4 x 100 metres Medley Relay
896,Tell Schirnding Berna,20.0,1912,Gold,United States,Athletics,"Athletics Men's 3,000 metres, Team"
897,Alain Andr Louis Edmond Bernard,25.0,2008,Gold,France,Swimming,Swimming Men's 100 metres Freestyle
898,Alain Andr Louis Edmond Bernard,29.0,2012,Gold,France,Swimming,Swimming Men's 4 x 100 metres Freestyle Relay
899,Sylvie Bernier,20.0,1984,Gold,Canada,Diving,Diving Women's Springboard
901,Gilles Berolatti,24.0,1968,Gold,France,Fencing,"Fencing Men's Foil, Team"
902,Livio Berruti,21.0,1960,Gold,Italy,Athletics,Athletics Men's 200 metres
905,Kevin John Berry,19.0,1964,Gold,Australia,Swimming,Swimming Men's 200 metres Butterfly
907,Walter Helmut Berthold,25.0,1936,Gold,Germany,Handball,Handball Men's Handball
908,Lszl Berti (Berty),36.0,1912,Gold,Hungary,Fencing,"Fencing Men's Sabre, Team"
909,Carl Adolf Hjalmar Bertilsson,18.0,1908,Gold,Sweden,Gymnastics,Gymnastics Men's Team All-Around
910,Per Daniel Bertilsson,19.0,1912,Gold,Sweden,Gymnastics,"Gymnastics Men's Team All-Around, Swedish System"
911,Franco Bertinetti,29.0,1952,Gold,Italy,Fencing,"Fencing Men's epee, Team"
912,Franco Bertinetti,33.0,1956,Gold,Italy,Fencing,"Fencing Men's epee, Team"
913,Marcello Bertinetti,39.0,1924,Gold,Italy,Fencing,"Fencing Men's Sabre, Team"
914,Marcello Bertinetti,43.0,1928,Gold,Italy,Fencing,"Fencing Men's epee, Team"
915,Sergio Bertoni,20.0,1936,Gold,Italy,Football,Football Men's Football
916,Ryan Thomas Berube,22.0,1996,Gold,United States,Swimming,Swimming Men's 4 x 200 metres Freestyle Relay
917,Aldis Imants Berzins,27.0,1984,Gold,United States,Volleyball,Volleyball Men's Volleyball
919,Doina Ofelia Beliu-Melinte,27.0,1984,Gold,Romania,Athletics,Athletics Women's 800 metres
920,Colette Besson (-Nogus),22.0,1968,Gold,France,Athletics,Athletics Women's 400 metres
922,Danny Betancourt Chacn,23.0,2004,Gold,Cuba,Baseball,Baseball Men's Baseball
923,"Janice ""Jan"" Betker",37.0,1998,Gold,Canada,Curling,Curling Women's Curling
925,Jean-Christophe Bette,22.0,2000,Gold,France,Rowing,Rowing Men's Lightweight Coxless Fours
926,Paolo Bettini,30.0,2004,Gold,Italy,Cycling,"Cycling Men's Road Race, Individual"
928,Jos Beyaert,22.0,1948,Gold,France,Cycling,"Cycling Men's Road Race, Individual"
929,Hans Anton Beyer,22.0,1912,Gold,Norway,Gymnastics,"Gymnastics Men's Team All-Around, Free System"
932,Jamie Lynn Beyerle-Gray (-Corkish),28.0,2012,Gold,United States,Shooting,"Shooting Women's Small-Bore Rifle, Three Positions, 50 metres"
934,Vasudevan Bhaskaran,29.0,1980,Gold,India,Hockey,Hockey Men's Hockey
936,Carlo Biagi,22.0,1936,Gold,Italy,Football,Football Men's Football
939,Diana Bianchedi,22.0,1992,Gold,Italy,Fencing,"Fencing Women's Foil, Team"
940,Diana Bianchedi,30.0,2000,Gold,Italy,Fencing,"Fencing Women's Foil, Team"
941,Sergio Bianchetto,21.0,1960,Gold,Italy,Cycling,"Cycling Men's Tandem Sprint, 2,000 metres"
942,Sergio Bianchetto,25.0,1964,Gold,Italy,Cycling,"Cycling Men's Tandem Sprint, 2,000 metres"
944,Pietro Bianchi,29.0,1912,Gold,Italy,Gymnastics,Gymnastics Men's Team All-Around
945,Pietro Bianchi,37.0,1920,Gold,Italy,Gymnastics,Gymnastics Men's Team All-Around
946,Suzannah Bianco,23.0,1996,Gold,United States,Synchronized Swimming,Synchronized Swimming Women's Team
947,Michel Bibard,25.0,1984,Gold,France,Football,Football Men's Football
948,Nino Bibbia,25.0,1948,Gold,Italy,Skeleton,Skeleton Men's Skeleton
950,Ferdinand Reinhardt Bie,24.0,1912,Gold,Norway,Athletics,Athletics Men's Pentathlon
951,Arno Bieberstein,21.0,1908,Gold,Germany,Swimming,Swimming Men's 100 metres Backstroke
952,"Heidi Biebl (-Schmid, -Prelevi)",19.0,1960,Gold,Germany,Alpine Skiing,Alpine Skiing Women's Downhill
953,Sebastian Friedrich Felix Biederlack,26.0,2008,Gold,Germany,Hockey,Hockey Men's Hockey
954,Christoph Bieler,28.0,2006,Gold,Austria,Nordic Combined,Nordic Combined Men's Team
958,Jerome Cousins Biffle,24.0,1952,Gold,United States,Athletics,Athletics Men's Long Jump
959,Tyrell Biggs,23.0,1984,Gold,United States,Boxing,Boxing Men's Super-Heavyweight
961,Dominique Bijotat,23.0,1984,Gold,France,Football,Football Men's Football
962,Abebe Bikila,28.0,1960,Gold,Ethiopia,Athletics,Athletics Men's Marathon
963,Abebe Bikila,32.0,1964,Gold,Ethiopia,Athletics,Athletics Men's Marathon
964,Yordan Bikov,19.0,1972,Gold,Bulgaria,Weightlifting,Weightlifting Men's Middleweight
965,Ahmet Bilek,,1960,Gold,Turkey,Wrestling,"Wrestling Men's Flyweight, Freestyle"
966,Simone Arianne Biles,19.0,2016,Gold,United States,Gymnastics,Gymnastics Women's Individual All-Around
967,Simone Arianne Biles,19.0,2016,Gold,United States,Gymnastics,Gymnastics Women's Team All-Around
968,Simone Arianne Biles,19.0,2016,Gold,United States,Gymnastics,Gymnastics Women's Floor Exercise
969,Simone Arianne Biles,19.0,2016,Gold,United States,Gymnastics,Gymnastics Women's Horse Vault
970,Gazanfer Bilge,24.0,1948,Gold,Turkey,Wrestling,"Wrestling Men's Featherweight, Freestyle"
972,Charles W. Billings,45.0,1912,Gold,United States,Shooting,"Shooting Men's Trap, Team"
973,"Alexandre ""Alex"" Bilodeau",22.0,2010,Gold,Canada,Freestyle Skiing,Freestyle Skiing Men's Moguls
974,"Alexandre ""Alex"" Bilodeau",26.0,2014,Gold,Canada,Freestyle Skiing,Freestyle Skiing Men's Moguls
979,Thomas Bimis,29.0,2004,Gold,Greece,Diving,Diving Men's Synchronized Springboard
980,Abhinav Bindra,25.0,2008,Gold,India,Shooting,"Shooting Men's Air Rifle, 10 metres"
982,Bino Bini,24.0,1924,Gold,Italy,Fencing,"Fencing Men's Sabre, Team"
984,"Matthew Nicholas ""Matt"" Biondi",18.0,1984,Gold,United States,Swimming,Swimming Men's 4 x 100 metres Freestyle Relay
985,"Matthew Nicholas ""Matt"" Biondi",22.0,1988,Gold,United States,Swimming,Swimming Men's 50 metres Freestyle
986,"Matthew Nicholas ""Matt"" Biondi",22.0,1988,Gold,United States,Swimming,Swimming Men's 100 metres Freestyle
987,"Matthew Nicholas ""Matt"" Biondi",22.0,1988,Gold,United States,Swimming,Swimming Men's 4 x 100 metres Freestyle Relay
988,"Matthew Nicholas ""Matt"" Biondi",22.0,1988,Gold,United States,Swimming,Swimming Men's 4 x 200 metres Freestyle Relay
989,"Matthew Nicholas ""Matt"" Biondi",22.0,1988,Gold,United States,Swimming,Swimming Men's 4 x 100 metres Medley Relay
990,"Matthew Nicholas ""Matt"" Biondi",26.0,1992,Gold,United States,Swimming,Swimming Men's 4 x 100 metres Freestyle Relay
991,"Matthew Nicholas ""Matt"" Biondi",26.0,1992,Gold,United States,Swimming,Swimming Men's 4 x 100 metres Medley Relay
992,Carl Fabian Birck,26.0,1920,Gold,Sweden,Gymnastics,"Gymnastics Men's Team All-Around, Swedish System"
993,Larry Joe Bird,35.0,1992,Gold,United States,Basketball,Basketball Men's Basketball
994,"Suzanne Brigit ""Sue"" Bird",23.0,2004,Gold,United States,Basketball,Basketball Women's Basketball
995,"Suzanne Brigit ""Sue"" Bird",27.0,2008,Gold,United States,Basketball,Basketball Women's Basketball
996,"Suzanne Brigit ""Sue"" Bird",31.0,2012,Gold,United States,Basketball,Basketball Women's Basketball
997,"Suzanne Brigit ""Sue"" Bird",35.0,2016,Gold,United States,Basketball,Basketball Women's Basketball
998,Matthew Kiprotich Birir,20.0,1992,Gold,Kenya,Athletics,"Athletics Men's 3,000 metres Steeplechase"
1002,Pter Biros,24.0,2000,Gold,Hungary,Water Polo,Water Polo Men's Water Polo
1003,Pter Biros,28.0,2004,Gold,Hungary,Water Polo,Water Polo Men's Water Polo
1004,Pter Biros,32.0,2008,Gold,Hungary,Water Polo,Water Polo Men's Water Polo
1005,Vera Leonidovna Biryukova,18.0,2016,Gold,Russia,Rhythmic Gymnastics,Rhythmic Gymnastics Women's Group
1007,Ole Bischof,28.0,2008,Gold,Germany,Judo,Judo Men's Half-Middleweight
1010,Ralph English Bishop,20.0,1936,Gold,United States,Basketball,Basketball Men's Basketball
1011,Klaus Bittner,21.0,1960,Gold,Germany,Rowing,Rowing Men's Coxed Eights
1012,Amos Kipwabok Biwott,21.0,1968,Gold,Kenya,Athletics,"Athletics Men's 3,000 metres Steeplechase"
1013,Dallas Denver Bixler,22.0,1932,Gold,United States,Gymnastics,Gymnastics Men's Horizontal Bar
1015,Ernst Gunnar Bjrk,21.0,1912,Gold,Sweden,Cycling,"Cycling Men's Road Race, Team"
1016,Carl August Bjrkman,42.0,1912,Gold,Sweden,Shooting,"Shooting Men's Free Rifle, Three Positions, 300 metres, Team"
1017,Lars Sigurd Bjorkstrom,36.0,1980,Gold,Brazil,Sailing,Sailing Mixed Multihull
1018,Marit Bjrgen,29.0,2010,Gold,Norway,Cross Country Skiing,Cross Country Skiing Women's Sprint
1019,Marit Bjrgen,29.0,2010,Gold,Norway,Cross Country Skiing,Cross Country Skiing Women's 15 km Skiathlon
1020,Marit Bjrgen,29.0,2010,Gold,Norway,Cross Country Skiing,Cross Country Skiing Women's 4 x 5 kilometres Relay
1021,Marit Bjrgen,33.0,2014,Gold,Norway,Cross Country Skiing,Cross Country Skiing Women's 30 kilometres
1022,Marit Bjrgen,33.0,2014,Gold,Norway,Cross Country Skiing,Cross Country Skiing Women's 15 km Skiathlon
1023,Marit Bjrgen,33.0,2014,Gold,Norway,Cross Country Skiing,Cross Country Skiing Women's Team Sprint
1024,Ole Einar Bjrndalen,24.0,1998,Gold,Norway,Biathlon,Biathlon Men's 10 kilometres Sprint
1025,Ole Einar Bjrndalen,28.0,2002,Gold,Norway,Biathlon,Biathlon Men's 10 kilometres Sprint
1026,Ole Einar Bjrndalen,28.0,2002,Gold,Norway,Biathlon,Biathlon Men's 12.5 kilometres Pursuit
1027,Ole Einar Bjrndalen,28.0,2002,Gold,Norway,Biathlon,Biathlon Men's 20 kilometres
1028,Ole Einar Bjrndalen,28.0,2002,Gold,Norway,Biathlon,Biathlon Men's 4 x 7.5 kilometres Relay
1029,Ole Einar Bjrndalen,36.0,2010,Gold,Norway,Biathlon,Biathlon Men's 4 x 7.5 kilometres Relay
1030,Ole Einar Bjrndalen,40.0,2014,Gold,Norway,Biathlon,Biathlon Men's 10 kilometres Sprint
1031,Ole Einar Bjrndalen,40.0,2014,Gold,Norway,Biathlon,Biathlon Mixed 2 x 6 kilometres and 2 x 7.5 kilometres Relay
1032,Alfred Hartman Bjrnson,23.0,1912,Gold,Norway,Gymnastics,"Gymnastics Men's Team All-Around, Free System"
1033,"Kimberly A. ""Kim"" Black",21.0,2000,Gold,United States,Swimming,Swimming Women's 4 x 200 metres Freestyle Relay
1034,"Lawrence Jeffery ""Larry"" Black",21.0,1972,Gold,United States,Athletics,Athletics Men's 4 x 100 metres Relay
1036,Bror Erik Alvar Bladstrm,18.0,1936,Gold,Sweden,Canoeing,"Canoeing Men's Folding Kayak Doubles, 10 kilometres"
1038,Alana Olga Blahoski,23.0,1998,Gold,United States,Ice Hockey,Ice Hockey Women's Ice Hockey
1039,Bonnie Kathleen Blair (-Cruikshank),23.0,1988,Gold,United States,Speed Skating,Speed Skating Women's 500 metres
1040,Bonnie Kathleen Blair (-Cruikshank),27.0,1992,Gold,United States,Speed Skating,Speed Skating Women's 500 metres
1041,Bonnie Kathleen Blair (-Cruikshank),27.0,1992,Gold,United States,Speed Skating,"Speed Skating Women's 1,000 metres"
1042,Bonnie Kathleen Blair (-Cruikshank),29.0,1994,Gold,United States,Speed Skating,Speed Skating Women's 500 metres
1043,Bonnie Kathleen Blair (-Cruikshank),29.0,1994,Gold,United States,Speed Skating,"Speed Skating Women's 1,000 metres"
1044,"James Howard ""Jim"" Blair",22.0,1932,Gold,United States,Rowing,Rowing Men's Coxed Eights
1045,Lee Everett Blair,20.0,1932,Gold,United States,Art Competitions,"Art Competitions Mixed Painting, Drawings And Water Colors"
1046,"Robert Bowlby ""Rob"" Blake",32.0,2002,Gold,Canada,Ice Hockey,Ice Hockey Men's Ice Hockey
1047,Yohan Blake,22.0,2012,Gold,Jamaica,Athletics,Athletics Men's 4 x 100 metres Relay
1048,Yohan Blake,26.0,2016,Gold,Jamaica,Athletics,Athletics Men's 4 x 100 metres Relay
1049,Henrik Blakskjr,29.0,2000,Gold,Denmark,Sailing,Sailing Mixed Three Person Keelboat
1050,Isabelle Blanc,26.0,2002,Gold,France,Snowboarding,Snowboarding Women's Parallel Giant Slalom
1052,Armand Blanchonnet,20.0,1924,Gold,France,Cycling,"Cycling Men's Road Race, Individual"
1053,Armand Blanchonnet,20.0,1924,Gold,France,Cycling,"Cycling Men's Road Race, Team"
1056,Harriet Claiborne Bland (-Green),21.0,1936,Gold,United States,Athletics,Athletics Women's 4 x 100 metres Relay
1057,Peter Blang,31.0,1996,Gold,Netherlands,Volleyball,Volleyball Men's Volleyball
1058,Leszek Robert Blanik,31.0,2008,Gold,Poland,Gymnastics,Gymnastics Men's Horse Vault
1059,Johann Blank,24.0,1928,Gold,Germany,Water Polo,Water Polo Men's Water Polo
1060,"Francina Elsje ""Fanny"" Blankers-Koen",30.0,1948,Gold,Netherlands,Athletics,Athletics Women's 100 metres
1061,"Francina Elsje ""Fanny"" Blankers-Koen",30.0,1948,Gold,Netherlands,Athletics,Athletics Women's 200 metres
1062,"Francina Elsje ""Fanny"" Blankers-Koen",30.0,1948,Gold,Netherlands,Athletics,Athletics Women's 80 metres Hurdles
1063,"Francina Elsje ""Fanny"" Blankers-Koen",30.0,1948,Gold,Netherlands,Athletics,Athletics Women's 4 x 100 metres Relay
1065,Mriam Guadalupe Blasco Soto,28.0,1992,Gold,Spain,Judo,Judo Women's Lightweight
1066,"Jeffrey Carl ""Jeff"" Blatnick",27.0,1984,Gold,United States,Wrestling,"Wrestling Men's Super-Heavyweight, Greco-Roman"
1067,Keston Bledman,20.0,2008,Gold,Trinidad and Tobago,Athletics,Athletics Men's 4 x 100 metres Relay
1068,Ethelda Marguerite Bleibtrey (-Schlatke),18.0,1920,Gold,United States,Swimming,Swimming Women's 100 metres Freestyle
1069,Ethelda Marguerite Bleibtrey (-Schlatke),18.0,1920,Gold,United States,Swimming,Swimming Women's 300 metres Freestyle
1070,Ethelda Marguerite Bleibtrey (-Schlatke),18.0,1920,Gold,United States,Swimming,Swimming Women's 4 x 100 metres Freestyle Relay
1071,"Donald Franklin ""Don"" Blessing",22.0,1928,Gold,United States,Rowing,Rowing Men's Coxed Eights
1072,"Richard Adolph ""Dick"" Blick",20.0,1960,Gold,United States,Swimming,Swimming Men's 4 x 200 metres Freestyle Relay
1076,Irina Valeryevna Bliznova,29.0,2016,Gold,Russia,Handball,Handball Women's Handball
1077,Anastasiya Ilyinichna Bliznyuk,18.0,2012,Gold,Russia,Rhythmic Gymnastics,Rhythmic Gymnastics Women's Group
1078,Anastasiya Ilyinichna Bliznyuk,22.0,2016,Gold,Russia,Rhythmic Gymnastics,Rhythmic Gymnastics Women's Group
1079,Jan Blokhuijsen,24.0,2014,Gold,Netherlands,Speed Skating,Speed Skating Men's Team Pursuit (8 laps)
1080,Vanja Hedvig Desideria Blomberg (-Webjrn),23.0,1952,Gold,Sweden,Gymnastics,Gymnastics Women's Team Portable Apparatus
1081,Erik Gustaf Blomqvist,33.0,1912,Gold,Sweden,Shooting,"Shooting Men's Free Rifle, Three Positions, 300 metres, Team"
1082,"Douglas Morlan ""Doug"" Blubaugh",25.0,1960,Gold,United States,Wrestling,"Wrestling Men's Welterweight, Freestyle"
1083,Kay Bluhm,23.0,1992,Gold,Germany,Canoeing,"Canoeing Men's Kayak Doubles, 500 metres"
1084,Kay Bluhm,23.0,1992,Gold,Germany,Canoeing,"Canoeing Men's Kayak Doubles, 1,000 metres"
1085,Kay Bluhm,27.0,1996,Gold,Germany,Canoeing,"Canoeing Men's Kayak Doubles, 500 metres"
1086,Pernille Blume,22.0,2016,Gold,Denmark,Swimming,Swimming Women's 50 metres Freestyle
1087,"Christian ""Bdi"" Blunck",24.0,1992,Gold,Germany,Hockey,Hockey Men's Hockey
1088,Serge Blusson,20.0,1948,Gold,France,Cycling,"Cycling Men's Team Pursuit, 4,000 metres"
1092,Gyula Bbis,38.0,1948,Gold,Hungary,Wrestling,"Wrestling Men's Heavyweight, Freestyle"
1093,Loredana Boboc,16.0,2000,Gold,Romania,Gymnastics,Gymnastics Women's Team All-Around
1095,Yekaterina Aleksandrovna Bobrova,23.0,2014,Gold,Russia,Figure Skating,Figure Skating Mixed Team
1096,Vladlena Eduardovna Bobrovnikova,28.0,2016,Gold,Russia,Handball,Handball Women's Handball
1099,Giorgio Bocchino,23.0,1936,Gold,Italy,Fencing,"Fencing Men's Foil, Team"
1103,Conrad Helmut Fritz Bcker,25.0,1896,Gold,Germany,Gymnastics,"Gymnastics Men's Parallel Bars, Teams"
1104,Conrad Helmut Fritz Bcker,25.0,1896,Gold,Germany,Gymnastics,"Gymnastics Men's Horizontal Bar, Teams"
1105,Franz Bckli,42.0,1900,Gold,Switzerland,Shooting,"Shooting Men's Free Rifle, Three Positions, 300 metres, Team"
1108,Andrs Bodnr,22.0,1964,Gold,Hungary,Water Polo,Water Polo Men's Water Polo
1109,Andrea Bod-Molnr,22.0,1956,Gold,Hungary,Gymnastics,Gymnastics Women's Team Portable Apparatus
1110,"Josephine Francisca Maria ""Fieke"" Boekhorst",26.0,1984,Gold,Netherlands,Hockey,Hockey Women's Hockey
1111,Isabelle Bori-Bgard,20.0,1980,Gold,France,Fencing,"Fencing Women's Foil, Team"
1113,Galabin Pepov Boevski,25.0,2000,Gold,Bulgaria,Weightlifting,Weightlifting Men's Lightweight
1114,Anna Ivanovna Bogaly-Titovets,26.0,2006,Gold,Russia,Biathlon,Biathlon Women's 4 x 6 kilometres Relay
1115,Anna Ivanovna Bogaly-Titovets,30.0,2010,Gold,Russia,Biathlon,Biathlon Women's 4 x 6 kilometres Relay
1118,Aleksandr Viktorovich Bogdanovich,26.0,2008,Gold,Belarus,Canoeing,"Canoeing Men's Canadian Doubles, 1,000 metres"
1119,Andrey Viktorovich Bogdanovich,20.0,2008,Gold,Belarus,Canoeing,"Canoeing Men's Canadian Doubles, 1,000 metres"
1121,"Philip George ""Phil"" Boggs",26.0,1976,Gold,United States,Diving,Diving Men's Springboard
1125,Vadim Iosifovich Bogiyev,25.0,1996,Gold,Russia,Wrestling,"Wrestling Men's Lightweight, Freestyle"
1126,Wendy Lou Lansbach Boglioli,21.0,1976,Gold,United States,Swimming,Swimming Women's 4 x 100 metres Freestyle Relay
1127,Tanya Bogomilova-Dangalakova,24.0,1988,Gold,Bulgaria,Swimming,Swimming Women's 100 metres Breaststroke
1130,ric Boisse,24.0,2004,Gold,France,Fencing,"Fencing Men's epee, Team"
1131,Philippe Alain Boisse,25.0,1980,Gold,France,Fencing,"Fencing Men's epee, Team"
1132,Philippe Alain Boisse,29.0,1984,Gold,France,Fencing,"Fencing Men's epee, Individual"
1133,Brian Anthony Boitano,24.0,1988,Gold,United States,Figure Skating,Figure Skating Men's Singles
1134,Arnaud Boiteau,30.0,2004,Gold,France,Equestrianism,"Equestrianism Mixed Three-Day Event, Team"
1135,Jean Auguste Boiteux,19.0,1952,Gold,France,Swimming,Swimming Men's 400 metres Freestyle
1136,Gustaf Carl Fredrik Boivie,47.0,1912,Gold,Sweden,Shooting,"Shooting Men's Small-Bore Rifle, Disappearing Target, 25 metres, Team"
1137,Jrgen Bojsen-Mller,34.0,1988,Gold,Denmark,Sailing,Sailing Mixed Two Person Heavyweight Dinghy
1138,Lal Shah S. Bokhari,23.0,1932,Gold,India,Hockey,Hockey Men's Hockey
1141,Jeanette Bolden,24.0,1984,Gold,United States,Athletics,Athletics Women's 4 x 100 metres Relay
1143,Harry Boldt,34.0,1964,Gold,Germany,Equestrianism,"Equestrianism Mixed Dressage, Team"
1145,John Keith Boles,36.0,1924,Gold,United States,Shooting,"Shooting Men's Running Target, Single Shot"
1146,"Maria Yolande Caroline Gertrude ""Marjolein"" Bolhuis-Eijsvogel",23.0,1984,Gold,Netherlands,Hockey,Hockey Women's Hockey
1147,Aureliano Bolognesi,21.0,1952,Gold,Italy,Boxing,Boxing Men's Lightweight
1150,Usain St. Leo Bolt,21.0,2008,Gold,Jamaica,Athletics,Athletics Men's 100 metres
1151,Usain St. Leo Bolt,21.0,2008,Gold,Jamaica,Athletics,Athletics Men's 200 metres
1152,Usain St. Leo Bolt,25.0,2012,Gold,Jamaica,Athletics,Athletics Men's 100 metres
1153,Usain St. Leo Bolt,25.0,2012,Gold,Jamaica,Athletics,Athletics Men's 200 metres
1154,Usain St. Leo Bolt,25.0,2012,Gold,Jamaica,Athletics,Athletics Men's 4 x 100 metres Relay
1155,Usain St. Leo Bolt,29.0,2016,Gold,Jamaica,Athletics,Athletics Men's 100 metres
1156,Usain St. Leo Bolt,29.0,2016,Gold,Jamaica,Athletics,Athletics Men's 200 metres
1157,Usain St. Leo Bolt,29.0,2016,Gold,Jamaica,Athletics,Athletics Men's 4 x 100 metres Relay
1158,"Gustaf Adolf Boltenstern, Jr.",48.0,1952,Gold,Sweden,Equestrianism,"Equestrianism Mixed Dressage, Team"
1159,"Gustaf Adolf Boltenstern, Jr.",52.0,1956,Gold,Sweden,Equestrianism,"Equestrianism Mixed Dressage, Team"
1160,"Alice Ruth ""Ruthie"" Bolton-Holifield",29.0,1996,Gold,United States,Basketball,Basketball Women's Basketball
1161,"Alice Ruth ""Ruthie"" Bolton-Holifield",33.0,2000,Gold,United States,Basketball,Basketball Women's Basketball
1162,Antal Bolvri,20.0,1952,Gold,Hungary,Water Polo,Water Polo Men's Water Polo
1163,Antal Bolvri,24.0,1956,Gold,Hungary,Water Polo,Water Polo Men's Water Polo
1166,Fernando Bonatti,25.0,1920,Gold,Italy,Gymnastics,Gymnastics Men's Team All-Around
1168,Hamish Byron Bond,26.0,2012,Gold,New Zealand,Rowing,Rowing Men's Coxless Pairs
1169,Hamish Byron Bond,30.0,2016,Gold,New Zealand,Rowing,Rowing Men's Coxless Pairs
1172,Carl Gustaf Bonde,40.0,1912,Gold,Sweden,Equestrianism,"Equestrianism Men's Dressage, Individual"
1173,Ren Henri Georges Bondoux,27.0,1932,Gold,France,Fencing,"Fencing Men's Foil, Team"
1174,Bong Jung-Keun,28.0,2008,Gold,South Korea,Baseball,Baseball Men's Baseball
1175,George Valentine Bonhag,24.0,1906,Gold,United States,Athletics,"Athletics Men's 1,500 metres Walk"
1176,George Valentine Bonhag,30.0,1912,Gold,United States,Athletics,"Athletics Men's 3,000 metres, Team"
1177,Tessa Bonhomme,24.0,2010,Gold,Canada,Ice Hockey,Ice Hockey Women's Ice Hockey
1178,Guido Boni,20.0,1912,Gold,Italy,Gymnastics,Gymnastics Men's Team All-Around
1179,Andr Bonin,39.0,1948,Gold,France,Fencing,"Fencing Men's Foil, Team"
1180,Yvonne Bnisch,23.0,2004,Gold,Germany,Judo,Judo Women's Lightweight
1181,Franois Bonlieu,26.0,1964,Gold,France,Alpine Skiing,Alpine Skiing Men's Giant Slalom
1182,Philippe Pierre Bonnin,25.0,1980,Gold,France,Fencing,"Fencing Men's Foil, Team"
1183,Beniamino Bonomi,32.0,2000,Gold,Italy,Canoeing,"Canoeing Men's Kayak Doubles, 1,000 metres"
1185,Horace Robert Bonser,33.0,1920,Gold,United States,Shooting,"Shooting Men's Trap, Team"
1186,"Ronald Yngve ""Ron"" Bontemps",25.0,1952,Gold,United States,Basketball,Basketball Men's Basketball
1187,Minke Gertine Booij,31.0,2008,Gold,Netherlands,Hockey,Hockey Women's Hockey
1188,Manut Boonjumnong,24.0,2004,Gold,Thailand,Boxing,Boxing Men's Light-Welterweight
1189,Rachel Kristine Bootsma,18.0,2012,Gold,United States,Swimming,Swimming Women's 4 x 100 metres Medley Relay
1190,"Robert Lewis ""Bob"" Boozer",23.0,1960,Gold,United States,Basketball,Basketball Men's Basketball
1191,"Carlos Austin Boozer, Jr.",26.0,2008,Gold,United States,Basketball,Basketball Men's Basketball
1192,"Charles Edward ""Charley"" Borah",22.0,1928,Gold,United States,Athletics,Athletics Men's 4 x 100 metres Relay
1193,Valeriy Viktorovich Borchin,21.0,2008,Gold,Russia,Athletics,Athletics Men's 20 kilometres Walk
1195,"Anna Johanna Geertruida Maria ""Annie"" Borckink",28.0,1980,Gold,Netherlands,Speed Skating,"Speed Skating Women's 1,500 metres"
1196,Amanda Kathleen Borden (-Cochran),19.0,1996,Gold,United States,Gymnastics,Gymnastics Women's Team All-Around
1197,"Patrick Lance ""Pat"" Borders",37.0,2000,Gold,United States,Baseball,Baseball Men's Baseball
1198,Gelindo Bordin,29.0,1988,Gold,Italy,Athletics,Athletics Men's Marathon
1199,Yannick Philippe Andr Borel,27.0,2016,Gold,France,Fencing,"Fencing Men's epee, Team"
1200,Andrea Borella,23.0,1984,Gold,Italy,Fencing,"Fencing Men's Foil, Team"
1202,Claes Arne Borg,26.0,1928,Gold,Sweden,Swimming,"Swimming Men's 1,500 metres Freestyle"
1203,Maurcio Borges Almeida Silva,27.0,2016,Gold,Brazil,Volleyball,Volleyball Men's Volleyball
1205,Ren Borjas,30.0,1928,Gold,Uruguay,Football,Football Men's Football
1206,Zsolt Borkai,23.0,1988,Gold,Hungary,Gymnastics,Gymnastics Men's Pommelled Horse
1208,Wilhelm Heinrich Born,24.0,1906,Gold,Germany,Tug-Of-War,Tug-Of-War Men's Tug-Of-War
1209,Jacqueline Brner (-Schubert),26.0,1992,Gold,Germany,Speed Skating,"Speed Skating Women's 1,500 metres"
1211,Kathrin Boron (-Kppen),22.0,1992,Gold,Germany,Rowing,Rowing Women's Double Sculls
1212,Kathrin Boron (-Kppen),26.0,1996,Gold,Germany,Rowing,Rowing Women's Quadruple Sculls
1213,Kathrin Boron (-Kppen),30.0,2000,Gold,Germany,Rowing,Rowing Women's Double Sculls
1214,Kathrin Boron (-Kppen),34.0,2004,Gold,Germany,Rowing,Rowing Women's Quadruple Sculls
1215,Ott Boros,27.0,1956,Gold,Hungary,Water Polo,Water Polo Men's Water Polo
1216,Ott Boros,35.0,1964,Gold,Hungary,Water Polo,Water Polo Men's Water Polo
1218,"Arthur Thurman ""Thur"" Borren",27.0,1976,Gold,New Zealand,Hockey,Hockey Men's Hockey
1219,Ismael Borrero Molina,24.0,2016,Gold,Cuba,Wrestling,"Wrestling Men's Featherweight, Greco-Roman"
1221,Elmar Borrmann,35.0,1992,Gold,Germany,Fencing,"Fencing Men's epee, Team"
1222,Luis Borroto Jimnez,21.0,2004,Gold,Cuba,Baseball,Baseball Men's Baseball
1223,Nino Borsari,20.0,1932,Gold,Italy,Cycling,"Cycling Men's Team Pursuit, 4,000 metres"
1226,Francesca Bortolozzi-Borella,24.0,1992,Gold,Italy,Fencing,"Fencing Women's Foil, Team"
1227,Francesca Bortolozzi-Borella,28.0,1996,Gold,Italy,Fencing,"Fencing Women's Foil, Team"
1228,"Vincent Joseph ""Vince"" Boryla",21.0,1948,Gold,United States,Basketball,Basketball Men's Basketball
1229,Yury Mikhaylovich Borzakovsky,23.0,2004,Gold,Russia,Athletics,Athletics Men's 800 metres
1233,Bruno Boscherie,29.0,1980,Gold,France,Fencing,"Fencing Men's Foil, Team"
1235,Ryszard Bosek,26.0,1976,Gold,Poland,Volleyball,Volleyball Men's Volleyball
1236,"Christopher Wesson ""Chris"" Bosh",24.0,2008,Gold,United States,Basketball,Basketball Men's Basketball
1238,Miho Bokovi,29.0,2012,Gold,Croatia,Water Polo,Water Polo Men's Water Polo
1239,Roger-Yves Bost,50.0,2016,Gold,France,Equestrianism,"Equestrianism Mixed Jumping, Team"
1240,Ralph Harold Boston,21.0,1960,Gold,United States,Athletics,Athletics Men's Long Jump
1241,Silvia Bosurgi,25.0,2004,Gold,Italy,Water Polo,Water Polo Women's Water Polo
1242,"Catherine La Ora ""Cathy"" Boswell",21.0,1984,Gold,United States,Basketball,Basketball Women's Basketball
1245,"Molly Ray Botkin (-Rossiter, -Trees)",16.0,1960,Gold,United States,Swimming,Swimming Women's 4 x 100 metres Freestyle Relay
1246,"Elizabeth Anne ""Beth"" Botsford",15.0,1996,Gold,United States,Swimming,Swimming Women's 100 metres Backstroke
1247,"Elizabeth Anne ""Beth"" Botsford",15.0,1996,Gold,United States,Swimming,Swimming Women's 4 x 100 metres Medley Relay
1248,Jennifer Lori Botterill,22.0,2002,Gold,Canada,Ice Hockey,Ice Hockey Women's Ice Hockey
1249,Jennifer Lori Botterill,26.0,2006,Gold,Canada,Ice Hockey,Ice Hockey Women's Ice Hockey
1250,Jennifer Lori Botterill,30.0,2010,Gold,Canada,Ice Hockey,Ice Hockey Women's Ice Hockey
1251,Filippo Emanuele Bottino,31.0,1920,Gold,Italy,Weightlifting,Weightlifting Men's Heavyweight
1252,"Joseph Stuart ""Joe"" Bottom",21.0,1976,Gold,United States,Swimming,Swimming Men's 4 x 100 metres Medley Relay
1254,Gatan T. Boucher,25.0,1984,Gold,Canada,Speed Skating,"Speed Skating Men's 1,000 metres"
1255,Gatan T. Boucher,25.0,1984,Gold,Canada,Speed Skating,"Speed Skating Men's 1,500 metres"
1256,Danil Ephrem Jean Odiel Bouckaert,25.0,1920,Gold,Belgium,Equestrianism,"Equestrianism Men's Vaulting, Individual"
1257,Danil Ephrem Jean Odiel Bouckaert,25.0,1920,Gold,Belgium,Equestrianism,"Equestrianism Men's Vaulting, Team"
1259,David Alasdair Boudia,23.0,2012,Gold,United States,Diving,Diving Men's Platform
1260,Ren Bougnol,21.0,1932,Gold,France,Fencing,"Fencing Men's Foil, Team"
1261,Ren Bougnol,37.0,1948,Gold,France,Fencing,"Fencing Men's Foil, Team"
1262,Hassiba Boulmerka,24.0,1992,Gold,Algeria,Athletics,"Athletics Women's 1,500 metres"
1263,Djamel Bouras,24.0,1996,Gold,France,Judo,Judo Men's Half-Middleweight
1264,"Clifford Frederick ""Cliff"" Bourland",27.0,1948,Gold,United States,Athletics,Athletics Men's 4 x 400 metres Relay
1265,Hans Bourquin,13.0,1928,Gold,Switzerland,Rowing,Rowing Men's Coxed Pairs
1266,"Richard James ""Dick"" Boushka",22.0,1956,Gold,United States,Basketball,Basketball Men's Basketball
1267,Moulay Brahim Boutayeb,21.0,1988,Gold,Morocco,Athletics,"Athletics Men's 10,000 metres"
1269,Jay Daniel Bouwmeester,30.0,2014,Gold,Canada,Ice Hockey,Ice Hockey Men's Ice Hockey
1270,Marit Bouwmeester,28.0,2016,Gold,Netherlands,Sailing,Sailing Women's One Person Dinghy
1271,Floris Jan Bovelander,30.0,1996,Gold,Netherlands,Hockey,Hockey Men's Hockey
1272,Alessandro Bovo,23.0,1992,Gold,Italy,Water Polo,Water Polo Men's Water Polo
1273,Carol Ann Bower,28.0,1984,Gold,United States,Rowing,Rowing Women's Coxed Eights
1275,"Frentorish ""Tori"" Bowie",25.0,2016,Gold,United States,Athletics,Athletics Women's 4 x 100 metres Relay
1276,"Maddison Michelle ""Maddie"" Bowman",20.0,2014,Gold,United States,Freestyle Skiing,Freestyle Skiing Women's Halfpipe
1277,"Deborah Ann ""Debbie"" Bowman-Sullivan",25.0,1988,Gold,Australia,Hockey,Hockey Women's Hockey
1278,Gillian Dewey Boxx,22.0,1996,Gold,United States,Softball,Softball Women's Softball
1279,Shannon Leigh Boxx,27.0,2004,Gold,United States,Football,Football Women's Football
1280,Shannon Leigh Boxx,31.0,2008,Gold,United States,Football,Football Women's Football
1281,Shannon Leigh Boxx,35.0,2012,Gold,United States,Football,Football Women's Football
1282,Svetlana Sergeyevna Boyarkina-Zhurova,34.0,2006,Gold,Russia,Speed Skating,Speed Skating Women's 500 metres
1286,"James Felton ""Jim"" Boyd",25.0,1956,Gold,United States,Boxing,Boxing Men's Light-Heavyweight
1287,Svetlana Anatolyevna Boyko,36.0,2008,Gold,Russia,Fencing,"Fencing Women's Foil, Team"
1288,"Daniel Denis ""Dan"" Boyle",33.0,2010,Gold,Canada,Ice Hockey,Ice Hockey Men's Ice Hockey
1289,Daniel Bozhinov Petrov,24.0,1996,Gold,Bulgaria,Boxing,Boxing Men's Light-Flyweight
1290,Mihly Bozsi (Bozsidarcz),25.0,1936,Gold,Hungary,Water Polo,Water Polo Men's Water Polo
1291,Jzsef Bozsik,26.0,1952,Gold,Hungary,Football,Football Men's Football
1292,Tullio Bozza,29.0,1920,Gold,Italy,Fencing,"Fencing Men's epee, Team"
1293,Tarjei B,21.0,2010,Gold,Norway,Biathlon,Biathlon Men's 4 x 7.5 kilometres Relay
1294,Tina Nielsen Bttzau (-Haunstrup),24.0,1996,Gold,Denmark,Handball,Handball Women's Handball
1295,Tina Nielsen Bttzau (-Haunstrup),29.0,2000,Gold,Denmark,Handball,Handball Women's Handball
1296,Kenneth Braaten,23.0,1998,Gold,Norway,Nordic Combined,Nordic Combined Men's Team
1297,"Julius Olaissen ""Jul"" Braathe (Olaissen-)",33.0,1908,Gold,Norway,Shooting,"Shooting Men's Free Rifle, Three Positions, 300 metres, Team"
1299,Walter Brack,23.0,1904,Gold,Germany,Swimming,Swimming Men's 100 Yard Backstroke
1300,"Raymond Cope ""Ray"" Bracken",29.0,1920,Gold,United States,Shooting,"Shooting Men's Free Pistol, 50 metres, Team"
1301,Steven John Bradbury,28.0,2002,Gold,Australia,Short Track Speed Skating,"Short Track Speed Skating Men's 1,000 metres"
1302,"William Warren ""Bill"" Bradley",21.0,1964,Gold,United States,Basketball,Basketball Men's Basketball
1303,"Benjamin Joseph ""Ben"" Bradshaw",24.0,1904,Gold,United States,Wrestling,"Wrestling Men's Featherweight, Freestyle"
1304,Mathieu Bragard,25.0,1920,Gold,Belgium,Football,Football Men's Football
1305,"Donald George ""Don"" Bragg",25.0,1960,Gold,United States,Athletics,Athletics Men's Pole Vault
1307,G. Alberto Braglia,25.0,1908,Gold,Italy,Gymnastics,Gymnastics Men's Individual All-Around
1308,G. Alberto Braglia,29.0,1912,Gold,Italy,Gymnastics,Gymnastics Men's Individual All-Around
1309,G. Alberto Braglia,29.0,1912,Gold,Italy,Gymnastics,Gymnastics Men's Team All-Around
1311,Grant Digby Bramwell,23.0,1984,Gold,New Zealand,Canoeing,"Canoeing Men's Kayak Fours, 1,000 metres"
1312,Serge Branco,19.0,2000,Gold,Cameroon,Football,Football Men's Football
1313,Esther Cornelia Brand (van Heerden-),29.0,1952,Gold,South Africa,Athletics,Athletics Women's High Jump
1314,Glen Jenson Brand,24.0,1948,Gold,United States,Wrestling,"Wrestling Men's Middleweight, Freestyle"
1315,Jen Brandi (Brandeiski),23.0,1936,Gold,Hungary,Water Polo,Water Polo Men's Water Polo
1316,"Thomas Nelson ""Tom"" Brands, II",28.0,1996,Gold,United States,Wrestling,"Wrestling Men's Featherweight, Freestyle"
1318,Heinz Brandt,29.0,1936,Gold,Germany,Equestrianism,"Equestrianism Men's Jumping, Team"
1321,Ana Maria Florentina Brnz-Popescu,31.0,2016,Gold,Romania,Fencing,"Fencing Women's epee, Team"
1322,Julius Helmut Braselmann,24.0,1936,Gold,Germany,Handball,Handball Men's Handball
1325,Yevhen Anatoliyovych Braslavets,23.0,1996,Gold,Ukraine,Sailing,Sailing Men's Two Person Dinghy
1326,Jean-Luc Brassard,21.0,1994,Gold,Canada,Freestyle Skiing,Freestyle Skiing Men's Moguls
1331,Thiago Braz da Silva,22.0,2016,Gold,Brazil,Athletics,Athletics Men's Pole Vault
1335,Espen Odd Bredesen,26.0,1994,Gold,Norway,Ski Jumping,"Ski Jumping Men's Normal Hill, Individual"
1338,Karoline Charlotte Dyhre Breivang,28.0,2008,Gold,Norway,Handball,Handball Women's Handball
1339,Karoline Charlotte Dyhre Breivang,32.0,2012,Gold,Norway,Handball,Handball Women's Handball
1340,Mark Anthony Breland,21.0,1984,Gold,United States,Boxing,Boxing Men's Welterweight
1342,Jakob Brendel,24.0,1932,Gold,Germany,Wrestling,"Wrestling Men's Bantamweight, Greco-Roman"
1343,Sebastian Brendel,24.0,2012,Gold,Germany,Canoeing,"Canoeing Men's Canadian Singles, 1,000 metres"
1344,Sebastian Brendel,28.0,2016,Gold,Germany,Canoeing,"Canoeing Men's Canadian Singles, 1,000 metres"
1345,Sebastian Brendel,28.0,2016,Gold,Germany,Canoeing,"Canoeing Men's Canadian Doubles, 1,000 metres"
1346,Hallgeir Brenden,23.0,1952,Gold,Norway,Cross Country Skiing,Cross Country Skiing Men's 18 kilometres
1347,Hallgeir Brenden,26.0,1956,Gold,Norway,Cross Country Skiing,Cross Country Skiing Men's 15 kilometres
1349,Michael Gene Brennan,28.0,2004,Gold,Australia,Hockey,Hockey Men's Hockey
1350,"Patrick Joseph ""Paddy"" Brennan",30.0,1908,Gold,Canada,Lacrosse,Lacrosse Men's Lacrosse
1351,Scott Michael Brennan,25.0,2008,Gold,Australia,Rowing,Rowing Men's Double Sculls
1352,Bart Jan-Baptist Marie Brentjens,27.0,1996,Gold,Netherlands,Cycling,"Cycling Men's Mountainbike, Cross-Country"
1353,Julie Bresset,23.0,2012,Gold,France,Cycling,"Cycling Women's Mountainbike, Cross-Country"
1355,Derrick Keith Brew,26.0,2004,Gold,United States,Athletics,Athletics Men's 4 x 400 metres Relay
1356,Eric Charles Brewer,22.0,2002,Gold,Canada,Ice Hockey,Ice Hockey Men's Ice Hockey
1357,Frank Gerald Singlehurst Brewin,22.0,1932,Gold,India,Hockey,Hockey Men's Hockey
1358,Ralph Theodore Breyer,20.0,1924,Gold,United States,Swimming,Swimming Men's 4 x 200 metres Freestyle Relay
1359,Anne Briand-Bouthiaux,23.0,1992,Gold,France,Biathlon,Biathlon Women's 3 x 7.5 kilometres Relay
1360,Erika Eloise Bricker (-Holderith),15.0,1964,Gold,United States,Swimming,Swimming Women's 4 x 100 metres Freestyle Relay
1361,"Bradley Michael ""Brad"" Bridgewater",23.0,1996,Gold,United States,Swimming,Swimming Men's 200 metres Backstroke
1365,Allan Lindsay Briggs,39.0,1912,Gold,United States,Shooting,"Shooting Men's Military Rifle, 200, 400, 500 and 600 metres, Team"
1366,Torah Jane Bright (-Thomson),23.0,2010,Gold,Australia,Snowboarding,Snowboarding Women's Halfpipe
1367,"John Manning ""Jack"" Brinck",19.0,1928,Gold,United States,Rowing,Rowing Men's Coxed Eights
1369,Jacques Brinkman,29.0,1996,Gold,Netherlands,Hockey,Hockey Men's Hockey
1370,Jacques Brinkman,34.0,2000,Gold,Netherlands,Hockey,Hockey Men's Hockey
1371,"Wilhelm ""Willi"" Brinkmann",25.0,1936,Gold,Germany,Handball,Handball Men's Handball
1373,Valerie Ann Brisco-Hooks,24.0,1984,Gold,United States,Athletics,Athletics Women's 200 metres
1374,Valerie Ann Brisco-Hooks,24.0,1984,Gold,United States,Athletics,Athletics Women's 400 metres
1375,Valerie Ann Brisco-Hooks,24.0,1984,Gold,United States,Athletics,Athletics Women's 4 x 400 metres Relay
1376,Franois Brisson,26.0,1984,Gold,France,Football,Football Men's Football
1377,Thrse Anne Brisson,35.0,2002,Gold,Canada,Ice Hockey,Ice Hockey Women's Ice Hockey
1378,Matthew Brittain,25.0,2012,Gold,South Africa,Rowing,Rowing Men's Lightweight Coxless Fours
1379,Bernhard Britting,23.0,1964,Gold,Germany,Rowing,Rowing Men's Coxed Fours
1381,"John Charles ""Jack"" Broderick",32.0,1908,Gold,Canada,Lacrosse,Lacrosse Men's Lacrosse
1382,Martin Pierre Brodeur,29.0,2002,Gold,Canada,Ice Hockey,Ice Hockey Men's Ice Hockey
1383,Martin Pierre Brodeur,37.0,2010,Gold,Canada,Ice Hockey,Ice Hockey Men's Ice Hockey
1384,Zbigniew Marcin Brdka,29.0,2014,Gold,Poland,Speed Skating,"Speed Skating Men's 1,500 metres"
1385,Gyrgy Brdy,24.0,1932,Gold,Hungary,Water Polo,Water Polo Men's Water Polo
1386,Gyrgy Brdy,28.0,1936,Gold,Hungary,Water Polo,Water Polo Men's Water Polo
1387,"Kenneth L. ""Kenny"" Brokenburr",31.0,2000,Gold,United States,Athletics,Athletics Men's 4 x 100 metres Relay
1388,"Nathan Eugene ""Nate"" Brooks",18.0,1952,Gold,United States,Boxing,Boxing Men's Flyweight
1389,Neil Brooks,17.0,1980,Gold,Australia,Swimming,Swimming Men's 4 x 100 metres Medley Relay
1390,Travis Neil Brooks,24.0,2004,Gold,Australia,Hockey,Hockey Men's Hockey
1391,Marguerite Marie Broquedis-Billout (-Bordes),19.0,1912,Gold,France,Tennis,Tennis Women's Singles
1392,Kristina Brring-Sprehe,29.0,2016,Gold,Germany,Equestrianism,"Equestrianism Mixed Dressage, Team"
1393,Neal LaMoy Broten,20.0,1980,Gold,United States,Ice Hockey,Ice Hockey Men's Ice Hockey
1394,Vronique Brouquier,23.0,1980,Gold,France,Fencing,"Fencing Women's Foil, Team"
1395,Alice Regina Brown (-Harris),23.0,1984,Gold,United States,Athletics,Athletics Women's 4 x 100 metres Relay
1396,Alice Regina Brown (-Harris),27.0,1988,Gold,United States,Athletics,Athletics Women's 4 x 100 metres Relay
1397,"Benjamin Gene ""Benny"" Brown",22.0,1976,Gold,United States,Athletics,Athletics Men's 4 x 400 metres Relay
1398,"Christopher Deon ""Chris"" Brown",33.0,2012,Gold,Bahamas,Athletics,Athletics Men's 4 x 400 metres Relay
1399,"Cynthia Louise ""Cindy"" Brown",23.0,1988,Gold,United States,Basketball,Basketball Women's Basketball
1400,"David Preston ""Dave"" Brown",20.0,1948,Gold,United States,Rowing,Rowing Men's Coxed Eights
1402,Graeme Allen Brown,25.0,2004,Gold,Australia,Cycling,"Cycling Men's Team Pursuit, 4,000 metres"
1403,Graeme Allen Brown,25.0,2004,Gold,Australia,Cycling,Cycling Men's Madison
1404,"Horace Hallock ""Hal"" Brown",22.0,1920,Gold,United States,Athletics,"Athletics Men's 3,000 metres, Team"
1406,"Lawrence Harvey ""Larry"" Brown",24.0,1964,Gold,United States,Basketball,Basketball Men's Basketball
1407,"Ronald James ""Ron"" Brown",23.0,1984,Gold,United States,Athletics,Athletics Men's 4 x 100 metres Relay
1408,"Elizabeth ""Lisa"" Brown-Miller",31.0,1998,Gold,United States,Ice Hockey,Ice Hockey Women's Ice Hockey
1409,Stephanie Karenmonica Brown-Trafton,28.0,2008,Gold,United States,Athletics,Athletics Women's Discus Throw
1410,Ian Sterry Browne,25.0,1956,Gold,Australia,Cycling,"Cycling Men's Tandem Sprint, 2,000 metres"
1411,"David Greig ""Skippy"" Browning, Jr.",21.0,1952,Gold,United States,Diving,Diving Men's Springboard
1416,"Thomas Edwin ""Tom"" Bruce",20.0,1972,Gold,United States,Swimming,Swimming Men's 4 x 100 metres Medley Relay
1419,"Wilhelm ""Willy"" Brderlin",25.0,1920,Gold,Switzerland,Rowing,Rowing Men's Coxed Fours
1421,Ivano Brugnetti,27.0,2004,Gold,Italy,Athletics,Athletics Men's 20 kilometres Walk
1422,Julien Louis Brul,44.0,1920,Gold,France,Archery,"Archery Men's Target Archery, 50 metres, Individual"
1427,Jennifer Lyn Brundage,27.0,2000,Gold,United States,Softball,Softball Women's Softball
1428,"Michael Lee ""Mike"" Bruner",19.0,1976,Gold,United States,Swimming,Swimming Men's 4 x 200 metres Freestyle Relay
1429,"Michael Lee ""Mike"" Bruner",19.0,1976,Gold,United States,Swimming,Swimming Men's 200 metres Butterfly
1430,Manuel Brunet,30.0,2016,Gold,Argentina,Hockey,Hockey Men's Hockey
1431,Pierre mile Ernest Brunet,25.0,1928,Gold,France,Figure Skating,Figure Skating Mixed Pairs
1432,Pierre mile Ernest Brunet,29.0,1932,Gold,France,Figure Skating,Figure Skating Mixed Pairs
1433,Andre Marguerite Blanche Brunet-Joly,26.0,1928,Gold,France,Figure Skating,Figure Skating Mixed Pairs
1434,Andre Marguerite Blanche Brunet-Joly,30.0,1932,Gold,France,Figure Skating,Figure Skating Mixed Pairs
1435,"Bruno ""Bruninho"" Mossa de Rezende",30.0,2016,Gold,Brazil,Volleyball,Volleyball Men's Volleyball
1436,Giancarlo Brusati,26.0,1936,Gold,Italy,Fencing,"Fencing Men's epee, Team"
1437,Olga Aleksandrovna Brusnikina,21.0,2000,Gold,Russia,Synchronized Swimming,Synchronized Swimming Women's Duet
1438,Olga Aleksandrovna Brusnikina,21.0,2000,Gold,Russia,Synchronized Swimming,Synchronized Swimming Women's Team
1439,Olga Aleksandrovna Brusnikina,25.0,2004,Gold,Russia,Synchronized Swimming,Synchronized Swimming Women's Team
1440,"Ernesto Mario ""Enrico"" Brusoni",21.0,1900,Gold,Italy,Cycling,Cycling Men's Points Race
1441,Hkon Brusveen,32.0,1960,Gold,Norway,Cross Country Skiing,Cross Country Skiing Men's 15 kilometres
1445,Kobe Bean Bryant,29.0,2008,Gold,United States,Basketball,Basketball Men's Basketball
1446,Kobe Bean Bryant,33.0,2012,Gold,United States,Basketball,Basketball Men's Basketball
1447,"George Philip ""Phil"" Bryant",26.0,1904,Gold,United States,Archery,Archery Men's Double American Round
1448,"George Philip ""Phil"" Bryant",26.0,1904,Gold,United States,Archery,Archery Men's Double York Round
1456,Karen Brdsgaard,22.0,2000,Gold,Denmark,Handball,Handball Women's Handball
1457,Karen Brdsgaard,26.0,2004,Gold,Denmark,Handball,Handball Women's Handball
1459,William Carl Buchan,27.0,1984,Gold,United States,Sailing,Sailing Mixed Two Person Heavyweight Dinghy
1460,"William Earl Buchan, Sr.",49.0,1984,Gold,United States,Sailing,Sailing Mixed Two Person Keelboat
1462,Sharon Lee Buchanan-Patmore,25.0,1988,Gold,Australia,Hockey,Hockey Women's Hockey
1463,"Georges Eugne William ""Go"" Buchard",30.0,1924,Gold,France,Fencing,"Fencing Men's epee, Team"
1464,"Georges Eugne William ""Go"" Buchard",38.0,1932,Gold,France,Fencing,"Fencing Men's epee, Team"
1465,Charles von Buchwald,25.0,1906,Gold,Denmark,Football,Football Men's Football
1466,Craig Werner Buck,25.0,1984,Gold,United States,Volleyball,Volleyball Men's Volleyball
1467,Craig Werner Buck,30.0,1988,Gold,United States,Volleyball,Volleyball Men's Volleyball
1471,William Quinn Buckner,21.0,1976,Gold,United States,Basketball,Basketball Men's Basketball
1472,Lszl II Budai (Bednarik),23.0,1952,Gold,Hungary,Football,Football Men's Football
1473,"Harold Boyce Budd, Jr.",25.0,1964,Gold,United States,Rowing,Rowing Men's Coxed Eights
1475,Alexander Alan Budikusuma Wiratama,24.0,1992,Gold,Indonesia,Badminton,Badminton Men's Singles
1476,Rachel Marie Buehler (-Van Hollebeke),22.0,2008,Gold,United States,Football,Football Women's Football
1477,Rachel Marie Buehler (-Van Hollebeke),26.0,2012,Gold,United States,Football,Football Women's Football
1482,Imre Bujdos,29.0,1988,Gold,Hungary,Fencing,"Fencing Men's Sabre, Team"
1483,Nikolay Petkov Bukhalov,25.0,1992,Gold,Bulgaria,Canoeing,"Canoeing Men's Canadian Singles, 500 metres"
1484,Nikolay Petkov Bukhalov,25.0,1992,Gold,Bulgaria,Canoeing,"Canoeing Men's Canadian Singles, 1,000 metres"
1490,Emilio Bulgarelli,31.0,1948,Gold,Italy,Water Polo,Water Polo Men's Water Polo
1491,Ivan Buljubai,24.0,2012,Gold,Croatia,Water Polo,Water Polo Men's Water Polo
1493,"Victoria Andrea ""Vicky"" Bullett",20.0,1988,Gold,United States,Basketball,Basketball Women's Basketball
1494,Maik Bullmann,25.0,1992,Gold,Germany,Wrestling,"Wrestling Men's Light-Heavyweight, Greco-Roman"
1496,"Jaap Derk ""Jaap-Derk"" Buma",28.0,2000,Gold,Netherlands,Hockey,Hockey Men's Hockey
1498,Ahmed Naseer Bunda,28.0,1960,Gold,Pakistan,Hockey,Hockey Men's Hockey
1499,Wilfred Kipkemboi Bungei,28.0,2008,Gold,Kenya,Athletics,Athletics Men's 800 metres
1502,Diego Mario Buonanotte Rende,20.0,2008,Gold,Argentina,Football,Football Men's Football
1503,Pasquale Buonocore,32.0,1948,Gold,Italy,Water Polo,Water Polo Men's Water Polo
1504,Tejbir Bura,,1924,Gold,Nepal,Alpinism,Alpinism Mixed Alpinism
1505,Hans Petter Buraas,22.0,1998,Gold,Norway,Alpine Skiing,Alpine Skiing Men's Slalom
1510,Cdric Burdet,33.0,2008,Gold,France,Handball,Handball Men's Handball
1511,Cornelius Lonzo Burdette,33.0,1912,Gold,United States,Shooting,"Shooting Men's Military Rifle, 200, 400, 500 and 600 metres, Team"
1512,Nicols Andrs Burdisso,23.0,2004,Gold,Argentina,Football,Football Men's Football
1513,Maurice Buret,39.0,1948,Gold,France,Equestrianism,"Equestrianism Men's Dressage, Team"
1514,Erna Brger,27.0,1936,Gold,Germany,Gymnastics,Gymnastics Women's Team All-Around
1515,Heinrich Burger,26.0,1908,Gold,Germany,Figure Skating,Figure Skating Mixed Pairs
1518,Damir Buri,31.0,2012,Gold,Croatia,Water Polo,Water Polo Men's Water Polo
1519,Lynn Edythe Burke (-McConville),17.0,1960,Gold,United States,Swimming,Swimming Women's 100 metres Backstroke
1520,Lynn Edythe Burke (-McConville),17.0,1960,Gold,United States,Swimming,Swimming Women's 4 x 100 metres Medley Relay
1523,"Thomas Edmund ""Tom"" Burke",21.0,1896,Gold,United States,Athletics,Athletics Men's 100 metres
1524,"Thomas Edmund ""Tom"" Burke",21.0,1896,Gold,United States,Athletics,Athletics Men's 400 metres
1525,Peter Burling,25.0,2016,Gold,New Zealand,Sailing,Sailing Men's Skiff
1530,Kevin Lobdell Burnham,47.0,2004,Gold,United States,Sailing,Sailing Men's Two Person Dinghy
1532,Lauren Chantel Burns (-Muller),26.0,2000,Gold,Australia,Taekwondo,Taekwondo Women's Flyweight
1533,Marc Burns,25.0,2008,Gold,Trinidad and Tobago,Athletics,Athletics Men's 4 x 100 metres Relay
1535,Leslie Michele Burr-Howard (-Leneghan-),27.0,1984,Gold,United States,Equestrianism,"Equestrianism Mixed Jumping, Team"
1536,Leroy Russell Burrell,25.0,1992,Gold,United States,Athletics,Athletics Men's 4 x 100 metres Relay
1538,Jordan Ernest Burroughs,24.0,2012,Gold,United States,Wrestling,"Wrestling Men's Middleweight, Freestyle"
1539,Sean Patrick Burroughs,20.0,2000,Gold,United States,Baseball,Baseball Men's Baseball
1540,"Michael Jay ""Mike"" Burton",21.0,1968,Gold,United States,Swimming,Swimming Men's 400 metres Freestyle
1541,"Michael Jay ""Mike"" Burton",21.0,1968,Gold,United States,Swimming,"Swimming Men's 1,500 metres Freestyle"
1542,"Michael Jay ""Mike"" Burton",25.0,1972,Gold,United States,Swimming,"Swimming Men's 1,500 metres Freestyle"
1543,"Michael Jay ""Mike"" Burton",25.0,1972,Gold,United States,Swimming,Swimming Men's 4 x 200 metres Freestyle Relay
1544,Tom Burton,26.0,2016,Gold,Australia,Sailing,Sailing Men's One Person Dinghy
1548,"Lesley Leigh Bush (-Hickcox, -Makepeace)",17.0,1964,Gold,United States,Diving,Diving Women's Platform
1551,Andro Bulje,26.0,2012,Gold,Croatia,Water Polo,Water Polo Men's Water Polo
1552,Crystl Irene Bustos,23.0,2000,Gold,United States,Softball,Softball Women's Softball
1553,Crystl Irene Bustos,26.0,2004,Gold,United States,Softball,Softball Women's Softball
1554,Aleksandr Anatolyevich Butko,26.0,2012,Gold,Russia,Volleyball,Volleyball Men's Volleyball
1555,Dean William Butler,27.0,2004,Gold,Australia,Hockey,Hockey Men's Hockey
1557,Jimmy Butler III,26.0,2016,Gold,United States,Basketball,Basketball Men's Basketball
1558,Lloyd LeMarr Butler,23.0,1948,Gold,United States,Rowing,Rowing Men's Coxed Eights
1560,Jahangir Ahmed Butt,25.0,1968,Gold,Pakistan,Hockey,Hockey Men's Hockey
1561,"Richard Totten ""Dick"" Button",18.0,1948,Gold,United States,Figure Skating,Figure Skating Men's Singles
1562,"Richard Totten ""Dick"" Button",22.0,1952,Gold,United States,Figure Skating,Figure Skating Men's Singles
1563,Jen Buznszky,27.0,1952,Gold,Hungary,Football,Football Men's Football
1565,Karyn L. Bye (-Dietz),26.0,1998,Gold,United States,Ice Hockey,Ice Hockey Women's Ice Hockey
1566,Oskar Wilhelm Bye,35.0,1906,Gold,Norway,Gymnastics,Gymnastics Men's Team All-Around
1567,Byeon Cheon-Sa,18.0,2006,Gold,South Korea,Short Track Speed Skating,"Short Track Speed Skating Women's 3,000 metres Relay"
1571,Anja Byrial Hansen (-Pedersen),22.0,1996,Gold,Denmark,Handball,Handball Women's Handball
1572,James Andrew Byrnes,25.0,2008,Gold,Canada,Rowing,Rowing Men's Coxed Eights
1573,"Jacob Walter ""Wally"" Byron",35.0,1920,Gold,Canada,Ice Hockey,Ice Hockey Men's Ice Hockey
1574,Lars Bystl,27.0,2006,Gold,Norway,Ski Jumping,"Ski Jumping Men's Normal Hill, Individual"
1575,Nuria Cabanillas Provencio,15.0,1996,Gold,Spain,Rhythmic Gymnastics,Rhythmic Gymnastics Women's Group
1576,"Frederike Jacobie ""Mieke"" Cabout",22.0,2008,Gold,Netherlands,Water Polo,Water Polo Women's Water Polo
1577,Delfo Cabrera Gmez,29.0,1948,Gold,Argentina,Athletics,Athletics Men's Marathon
1578,Fermn Cacho Ruiz,23.0,1992,Gold,Spain,Athletics,"Athletics Men's 1,500 metres"
1579,Axel Vilhelm Teodor Cadier,29.0,1936,Gold,Sweden,Wrestling,"Wrestling Men's Light-Heavyweight, Greco-Roman"
1580,Ernest Cadine,26.0,1920,Gold,France,Weightlifting,Weightlifting Men's Light-Heavyweight
1581,Erin Jane Cafaro (-McKenzie),25.0,2008,Gold,United States,Rowing,Rowing Women's Coxed Eights
1582,Erin Jane Cafaro (-McKenzie),29.0,2012,Gold,United States,Rowing,Rowing Women's Coxed Eights
1583,Cai Yalin,23.0,2000,Gold,China,Shooting,"Shooting Men's Air Rifle, 10 metres"
1585,Carl Cecil Cain,22.0,1956,Gold,United States,Basketball,Basketball Men's Basketball
1586,"Lawrence J. ""Larry"" Cain",21.0,1984,Gold,Canada,Canoeing,"Canoeing Men's Canadian Singles, 500 metres"
1587,Chiara Cainero,30.0,2008,Gold,Italy,Shooting,Shooting Women's Skeet
1588,Maureen Caird (-Jones),17.0,1968,Gold,Australia,Athletics,Athletics Women's 80 metres Hurdles
1589,Asl akr (-Alptekin),26.0,2012,Gold,Turkey,Athletics,"Athletics Women's 1,500 metres"
1590,David Cal Figueroa,21.0,2004,Gold,Spain,Canoeing,"Canoeing Men's Canadian Singles, 1,000 metres"
1591,Jordi Joan Calafat Estelrich,24.0,1992,Gold,Spain,Sailing,Sailing Men's Two Person Dinghy
1592,Paolo Caldarella,27.0,1992,Gold,Italy,Water Polo,Water Polo Men's Water Polo
1593,Mercedes Caldern Martnez,26.0,1992,Gold,Cuba,Volleyball,Volleyball Women's Volleyball
1594,Miguel Calds Luis,25.0,1996,Gold,Cuba,Baseball,Baseball Men's Baseball
1595,Hubert Augustus Caldwell (-Aspinwall),20.0,1928,Gold,United States,Rowing,Rowing Men's Coxed Eights
1596,"Joseph Louis ""Joe"" Caldwell",22.0,1964,Gold,United States,Basketball,Basketball Men's Basketball
1597,Lee Quincy Calhoun,23.0,1956,Gold,United States,Athletics,Athletics Men's 110 metres Hurdles
1598,Lee Quincy Calhoun,27.0,1960,Gold,United States,Athletics,Athletics Men's 110 metres Hurdles
1599,Irving Romaro Calkins,32.0,1908,Gold,United States,Shooting,"Shooting Men's Free Pistol, 50 yards, Team"
1600,Emmanuel Earl Callender,24.0,2008,Gold,Trinidad and Tobago,Athletics,Athletics Men's 4 x 100 metres Relay
1601,Facundo Callioni,30.0,2016,Gold,Argentina,Hockey,Hockey Men's Hockey
1602,Ashley John Callus,21.0,2000,Gold,Australia,Swimming,Swimming Men's 4 x 100 metres Freestyle Relay
1604,Irene Camber-Corno,26.0,1952,Gold,Italy,Fencing,"Fencing Women's Foil, Individual"
1605,Luigi Cambiaso,25.0,1920,Gold,Italy,Gymnastics,Gymnastics Men's Team All-Around
1606,Luigi Cambiaso,29.0,1924,Gold,Italy,Gymnastics,Gymnastics Men's Team All-Around
1607,"John Archibald ""Jack"" Cameron",21.0,1924,Gold,Canada,Ice Hockey,Ice Hockey Men's Ice Hockey
1608,Michelle A. Cameron (-Coulter),25.0,1988,Gold,Canada,Synchronized Swimming,Synchronized Swimming Women's Duet
1610,Roberto Cammarelle,28.0,2008,Gold,Italy,Boxing,Boxing Men's Super-Heavyweight
1611,"Alessandro ""Sandro"" Campagna",29.0,1992,Gold,Italy,Water Polo,Water Polo Men's Water Polo
1612,Loris Campana,25.0,1952,Gold,Italy,Cycling,"Cycling Men's Team Pursuit, 4,000 metres"
1613,Bronte Campbell,22.0,2016,Gold,Australia,Swimming,Swimming Women's 4 x 100 metres Freestyle Relay
1614,Cassie Dawin Campbell (-Pascall),28.0,2002,Gold,Canada,Ice Hockey,Ice Hockey Women's Ice Hockey
1615,Cassie Dawin Campbell (-Pascall),32.0,2006,Gold,Canada,Ice Hockey,Ice Hockey Women's Ice Hockey
1616,Cate Natalie Campbell,20.0,2012,Gold,Australia,Swimming,Swimming Women's 4 x 100 metres Freestyle Relay
1617,Cate Natalie Campbell,24.0,2016,Gold,Australia,Swimming,Swimming Women's 4 x 100 metres Freestyle Relay
1621,Derrick Nathan Campbell,25.0,1998,Gold,Canada,Short Track Speed Skating,"Short Track Speed Skating Men's 5,000 metres Relay"
1622,"George Herrold ""Doc"" Campbell",30.0,1908,Gold,Canada,Lacrosse,Lacrosse Men's Lacrosse
1624,"Milton Gray ""Milt"" Campbell",22.0,1956,Gold,United States,Athletics,Athletics Men's Decathlon
1625,Veronica Angella Campbell-Brown,22.0,2004,Gold,Jamaica,Athletics,Athletics Women's 200 metres
1626,Veronica Angella Campbell-Brown,22.0,2004,Gold,Jamaica,Athletics,Athletics Women's 4 x 100 metres Relay
1627,Veronica Angella Campbell-Brown,26.0,2008,Gold,Jamaica,Athletics,Athletics Women's 200 metres
1628,Alisa Peta Camplin (-Warner),27.0,2002,Gold,Australia,Freestyle Skiing,Freestyle Skiing Women's Aerials
1629,Antonio Cmpolo,31.0,1928,Gold,Uruguay,Football,Football Men's Football
1630,Niccol Campriani,24.0,2012,Gold,Italy,Shooting,"Shooting Men's Small-Bore Rifle, Three Positions, 50 metres"
1631,Niccol Campriani,28.0,2016,Gold,Italy,Shooting,"Shooting Men's Air Rifle, 10 metres"
1632,Niccol Campriani,28.0,2016,Gold,Italy,Shooting,"Shooting Men's Small-Bore Rifle, Three Positions, 50 metres"
1633,Adhemar Canavessi,24.0,1928,Gold,Uruguay,Football,Football Men's Football
1634,Fabian Cancellara,27.0,2008,Gold,Switzerland,Cycling,Cycling Men's Individual Time Trial
1635,Fabian Cancellara,35.0,2016,Gold,Switzerland,Cycling,Cycling Men's Individual Time Trial
1636,douard Candeveau,26.0,1924,Gold,Switzerland,Rowing,Rowing Men's Coxed Pairs
1638,Giovanni Canova,39.0,1920,Gold,Italy,Fencing,"Fencing Men's epee, Team"
1639,Fernand Canteloube,19.0,1920,Gold,France,Cycling,"Cycling Men's Road Race, Team"
1640,Ernesto Canto Gudio,24.0,1984,Gold,Mexico,Athletics,Athletics Men's 20 kilometres Walk
1641,"Luigi ""Gino"" Cantone",31.0,1948,Gold,Italy,Fencing,"Fencing Men's epee, Individual"
1642,Cao Lei,24.0,2008,Gold,China,Weightlifting,Weightlifting Women's Heavyweight
1643,Cao Yuan,17.0,2012,Gold,China,Diving,Diving Men's Synchronized Platform
1644,Cao Yuan,21.0,2016,Gold,China,Diving,Diving Men's Springboard
1646,Christophe Capelle,28.0,1996,Gold,France,Cycling,"Cycling Men's Team Pursuit, 4,000 metres"
1647,Nadine Capellmann (-Biffar-),35.0,2000,Gold,Germany,Equestrianism,"Equestrianism Mixed Dressage, Team"
1649,Lee Capes (-Nobbs),26.0,1988,Gold,Australia,Hockey,Hockey Women's Hockey
1650,Michelle Edith Capes-Hager,21.0,1988,Gold,Australia,Hockey,Hockey Women's Hockey
1651,Joaqun Capilla Prez,27.0,1956,Gold,Mexico,Diving,Diving Men's Platform
1652,Tranquilo Capozzo Zironda,34.0,1952,Gold,Argentina,Rowing,Rowing Men's Double Sculls
1653,Giulio Cappelli,25.0,1936,Gold,Italy,Football,Football Men's Football
1654,Jennifer Marie Capriati,16.0,1992,Gold,United States,Tennis,Tennis Women's Singles
1655,Oreste Capuzzo,23.0,1932,Gold,Italy,Gymnastics,Gymnastics Men's Team All-Around
1656,Sally May Carbon (-Bell),21.0,1988,Gold,Australia,Hockey,Hockey Women's Hockey
1657,Rogrio Sampaio Cardoso,24.0,1992,Gold,Brazil,Judo,Judo Men's Half-Lightweight
1658,Mary Louise Carew (-Armstrong),18.0,1932,Gold,United States,Athletics,Athletics Women's 4 x 100 metres Relay
1660,"Richard John ""Rick"" Carey",21.0,1984,Gold,United States,Swimming,Swimming Men's 100 metres Backstroke
1661,"Richard John ""Rick"" Carey",21.0,1984,Gold,United States,Swimming,Swimming Men's 200 metres Backstroke
1662,"Richard John ""Rick"" Carey",21.0,1984,Gold,United States,Swimming,Swimming Men's 4 x 100 metres Medley Relay
1663,Jacques Cariou,41.0,1912,Gold,France,Equestrianism,"Equestrianism Men's Jumping, Individual"
1664,"Antnio Carlos ""Carlo"" Aguilar Gouveia",27.0,1992,Gold,Brazil,Volleyball,Volleyball Men's Volleyball
1665,Carl Ehrenfried Carlberg,23.0,1912,Gold,Sweden,Gymnastics,"Gymnastics Men's Team All-Around, Swedish System"
1666,Gustaf Eric Carlberg,32.0,1912,Gold,Sweden,Shooting,"Shooting Men's Dueling Pistol, 30 metres, Team"
1667,Gustaf Eric Carlberg,32.0,1912,Gold,Sweden,Shooting,"Shooting Men's Small-Bore Rifle, Disappearing Target, 25 metres, Team"
1668,Gustaf Vilhelm Carlberg,32.0,1912,Gold,Sweden,Shooting,"Shooting Men's Dueling Pistol, 30 metres, Team"
1669,Gustaf Vilhelm Carlberg,32.0,1912,Gold,Sweden,Shooting,"Shooting Men's Small-Bore Rifle, Disappearing Target, 25 metres"
1670,Gustaf Vilhelm Carlberg,32.0,1912,Gold,Sweden,Shooting,"Shooting Men's Small-Bore Rifle, Disappearing Target, 25 metres, Team"
1671,Gustaf Fredrik Carln,21.0,1912,Gold,Sweden,Athletics,"Athletics Men's Cross-Country, Team"
1672,Laura Gabriela Crlescu-Badea,26.0,1996,Gold,Romania,Fencing,"Fencing Women's Foil, Individual"
1673,Arnaldo Carli,18.0,1920,Gold,Italy,Cycling,"Cycling Men's Team Pursuit, 4,000 metres"
1674,Conrad Marentius Carlsrud,22.0,1906,Gold,Norway,Gymnastics,Gymnastics Men's Team All-Around
1675,Nils Gustav Henry Carlsson,30.0,1948,Gold,Sweden,Football,Football Men's Football
1678,Maurizio Carnino,18.0,1994,Gold,Italy,Short Track Speed Skating,"Short Track Speed Skating Men's 5,000 metres Relay"
1679,"Carolina ""Carol"" Demartini de Albuquerque",31.0,2008,Gold,Brazil,Volleyball,Volleyball Women's Volleyball
1682,Luigi Arturo Carpaneda,30.0,1956,Gold,Italy,Fencing,"Fencing Men's Foil, Team"
1683,Gordon C. Carpenter,28.0,1948,Gold,United States,Basketball,Basketball Men's Basketball
1684,"William Kenneth ""Ken"" Carpenter",23.0,1936,Gold,United States,Athletics,Athletics Men's Discus Throw
1685,Leonard Griswold Carpenter,21.0,1924,Gold,United States,Rowing,Rowing Men's Coxed Eights
1686,"Helen Constance ""Connie"" Carpenter-Phinney",27.0,1984,Gold,United States,Cycling,"Cycling Women's Road Race, Individual"
1687,"William Arthur ""Bill"" Carr",22.0,1932,Gold,United States,Athletics,Athletics Men's 400 metres
1688,"William Arthur ""Bill"" Carr",22.0,1932,Gold,United States,Athletics,Athletics Men's 4 x 400 metres Relay
1690,"Catherine L. ""Cathy"" Carr (-West)",18.0,1972,Gold,United States,Swimming,Swimming Women's 100 metres Breaststroke
1691,"Catherine L. ""Cathy"" Carr (-West)",18.0,1972,Gold,United States,Swimming,Swimming Women's 4 x 100 metres Medley Relay
1692,"Richard John ""Dickie"" Carr",21.0,1932,Gold,India,Hockey,Hockey Men's Hockey
1693,Henry William Carr,21.0,1964,Gold,United States,Athletics,Athletics Men's 200 metres
1694,Henry William Carr,21.0,1964,Gold,United States,Athletics,Athletics Men's 4 x 400 metres Relay
1695,"Kenneth Alan ""Kenny"" Carr",20.0,1976,Gold,United States,Basketball,Basketball Men's Basketball
1696,Sabin William Carr,23.0,1928,Gold,United States,Athletics,Athletics Men's Pole Vault
1697,Cecilia Carranza Saroli,29.0,2016,Gold,Argentina,Sailing,Sailing Mixed Multihull
1698,Sara Maree Carrigan,23.0,2004,Gold,Australia,Cycling,"Cycling Women's Road Race, Individual"
1699,Lisa Carrington,23.0,2012,Gold,New Zealand,Canoeing,"Canoeing Women's Kayak Singles, 200 metres"
1700,Lisa Carrington,27.0,2016,Gold,New Zealand,Canoeing,"Canoeing Women's Kayak Singles, 200 metres"
1702,"Daniel Brendon ""Dan"" Carroll",33.0,1920,Gold,United States,Rugby,Rugby Men's Rugby
1703,Michael Carruth,25.0,1992,Gold,Ireland,Boxing,Boxing Men's Welterweight
1704,"David Krynauw Enslin ""Dave"" Carstens",,1932,Gold,South Africa,Boxing,Boxing Men's Light-Heavyweight
1705,Hamish Clive Carter,33.0,2004,Gold,New Zealand,Triathlon,Triathlon Men's Olympic Distance
1706,"Jeffrey J. ""Jeff"" Carter",29.0,2014,Gold,Canada,Ice Hockey,Ice Hockey Men's Ice Hockey
1707,Michelle Denee Carter,30.0,2016,Gold,United States,Athletics,Athletics Women's Shot Put
1708,Nesta Carter,26.0,2012,Gold,Jamaica,Athletics,Athletics Men's 4 x 100 metres Relay
1709,"Vincent Lamar ""Vince"" Carter",23.0,2000,Gold,United States,Basketball,Basketball Men's Basketball
1710,"Nathaniel John ""Nate"" Cartmell",25.0,1908,Gold,United States,Athletics,"Athletics Men's 1,600 metres Medley Relay"
1711,Magalys Esther Carvajal Rivera,23.0,1992,Gold,Cuba,Volleyball,Volleyball Women's Volleyball
1712,Magalys Esther Carvajal Rivera,27.0,1996,Gold,Cuba,Volleyball,Volleyball Women's Volleyball
1713,Jol Casamayor Johnson,21.0,1992,Gold,Cuba,Boxing,Boxing Men's Bantamweight
1714,Oscar Casanovas,22.0,1936,Gold,Argentina,Boxing,Boxing Men's Featherweight
1716,Caroline Casaretto,26.0,2004,Gold,Germany,Hockey,Hockey Women's Hockey
1717,Fabio Casartelli,21.0,1992,Gold,Italy,Cycling,"Cycling Men's Road Race, Individual"
1718,Kellogg Kennon Venable Casey,30.0,1908,Gold,United States,Shooting,"Shooting Men's Military Rifle, 200/500/600/800/900/1,000 Yards, Team"
1719,"Swintayla Marie ""Swin"" Cash",24.0,2004,Gold,United States,Basketball,Basketball Women's Basketball
1720,"Swintayla Marie ""Swin"" Cash",32.0,2012,Gold,United States,Basketball,Basketball Women's Basketball
1728,Charlotte Caslick,21.0,2016,Gold,Australia,Rugby Sevens,Rugby Sevens Women's Rugby Sevens
1729,Gustav Casmir,31.0,1906,Gold,Germany,Fencing,"Fencing Men's Sabre, Individual, Three Hits"
1730,Gustav Casmir,31.0,1906,Gold,Germany,Fencing,"Fencing Men's Sabre, Team"
1731,Ernst Gustaf Casparsson,25.0,1912,Gold,Sweden,Equestrianism,"Equestrianism Men's Three-Day Event, Team"
1732,Andrea Cassar,20.0,2004,Gold,Italy,Fencing,"Fencing Men's Foil, Team"
1733,Andrea Cassar,28.0,2012,Gold,Italy,Fencing,"Fencing Men's Foil, Team"
1734,Ollan Conley Cassell,27.0,1964,Gold,United States,Athletics,Athletics Men's 4 x 400 metres Relay
1736,Igor Cassina,26.0,2004,Gold,Italy,Gymnastics,Gymnastics Men's Horizontal Bar
1737,Naomi Sandra Castle,26.0,2000,Gold,Australia,Water Polo,Water Polo Women's Water Polo
1738,Hctor Castro,23.0,1928,Gold,Uruguay,Football,Football Men's Football
1739,Tamika Devonne Catchings,25.0,2004,Gold,United States,Basketball,Basketball Women's Basketball
1740,Tamika Devonne Catchings,29.0,2008,Gold,United States,Basketball,Basketball Women's Basketball
1741,Tamika Devonne Catchings,33.0,2012,Gold,United States,Basketball,Basketball Women's Basketball
1742,Tamika Devonne Catchings,37.0,2016,Gold,United States,Basketball,Basketball Women's Basketball
1743,"Ethel Hannah Catherwood (-McLaren, -Mitchell)",20.0,1928,Gold,Canada,Athletics,Athletics Women's High Jump
1745,Philippe Louis Eugne Cattiau,31.0,1924,Gold,France,Fencing,"Fencing Men's Foil, Team"
1746,Philippe Louis Eugne Cattiau,40.0,1932,Gold,France,Fencing,"Fencing Men's Foil, Team"
1747,Philippe Louis Eugne Cattiau,40.0,1932,Gold,France,Fencing,"Fencing Men's epee, Team"
1749,Tracy Ann Caulkins (-Stockwell),21.0,1984,Gold,United States,Swimming,Swimming Women's 200 metres Individual Medley
1750,Tracy Ann Caulkins (-Stockwell),21.0,1984,Gold,United States,Swimming,Swimming Women's 400 metres Individual Medley
1751,Tracy Ann Caulkins (-Stockwell),21.0,1984,Gold,United States,Swimming,Swimming Women's 4 x 100 metres Medley Relay
1752,Roberto Diego Lorenzo Cavanagh y Hearne,21.0,1936,Gold,Argentina,Polo,Polo Men's Polo
1753,"Christopher Carl ""Chris"" Cavanaugh",22.0,1984,Gold,United States,Swimming,Swimming Men's 4 x 100 metres Freestyle Relay
1754,Patrik avar,25.0,1996,Gold,Croatia,Handball,Handball Men's Handball
1755,"Warren Jay ""Rex"" Cawley",24.0,1964,Gold,United States,Athletics,Athletics Men's 400 metres Hurdles
1756,Jos Pedro Cea Urriza,23.0,1924,Gold,Uruguay,Football,Football Men's Football
1757,Jos Pedro Cea Urriza,27.0,1928,Gold,Uruguay,Football,Football Men's Football
1758,Daniela Ceccarelli,26.0,2002,Gold,Italy,Alpine Skiing,Alpine Skiing Women's Super G
1759,Hjalmar Axel Fritz Cedercrona,24.0,1908,Gold,Sweden,Gymnastics,Gymnastics Men's Team All-Around
1760,Henry Carlos Cejudo,21.0,2008,Gold,United States,Wrestling,"Wrestling Men's Featherweight, Freestyle"
1761,"Matthew Gerald ""Matt"" Centrowitz, Jr.",26.0,2016,Gold,United States,Athletics,"Athletics Men's 1,500 metres"
1762,Frederich Cepeda Cruz,24.0,2004,Gold,Cuba,Baseball,Baseball Men's Baseball
1765,Stefano Cerioni,20.0,1984,Gold,Italy,Fencing,"Fencing Men's Foil, Team"
1766,Stefano Cerioni,24.0,1988,Gold,Italy,Fencing,"Fencing Men's Foil, Individual"
1767,Giovanni Cernogoraz,29.0,2012,Gold,Croatia,Shooting,Shooting Men's Trap
1768,Andreas Cervin,19.0,1908,Gold,Sweden,Gymnastics,Gymnastics Men's Team All-Around
1775,"Matthew J. ""Matt"" Cetlinski",23.0,1988,Gold,United States,Swimming,Swimming Men's 4 x 200 metres Freestyle Relay
1776,Cha Jae-Gyeong,20.0,1992,Gold,South Korea,Handball,Handball Women's Handball
1777,Chae Ji-Hun,19.0,1994,Gold,South Korea,Short Track Speed Skating,Short Track Speed Skating Men's 500 metres
1778,Louis Chaillot,18.0,1932,Gold,France,Cycling,"Cycling Men's Tandem Sprint, 2,000 metres"
1779,Rakhim Ruslanovich Chakhkiyev,25.0,2008,Gold,Russia,Boxing,Boxing Men's Heavyweight
1780,Davit Gochayevich Chakvetadze,23.0,2016,Gold,Russia,Wrestling,"Wrestling Men's Light-Heavyweight, Greco-Roman"
1782,Kyle Chalmers,18.0,2016,Gold,Australia,Swimming,Swimming Men's 100 metres Freestyle
1783,Lori Christine Chalupny,24.0,2008,Gold,United States,Football,Football Women's Football
1784,Harry Dwight Chamberlin,45.0,1932,Gold,United States,Equestrianism,"Equestrianism Men's Three-Day Event, Team"
1785,Carlton Chambers,21.0,1996,Gold,Canada,Athletics,Athletics Men's 4 x 100 metres Relay
1786,Henri Chammartin,46.0,1964,Gold,Switzerland,Equestrianism,"Equestrianism Mixed Dressage, Individual"
1787,Madeleine Chamot-Berthod,24.0,1956,Gold,Switzerland,Alpine Skiing,Alpine Skiing Women's Downhill
1790,Dhyan Chand Bais,22.0,1928,Gold,India,Hockey,Hockey Men's Hockey
1791,Dhyan Chand Bais,26.0,1932,Gold,India,Hockey,Hockey Men's Hockey
1792,Dhyan Chand Bais,30.0,1936,Gold,India,Hockey,Hockey Men's Hockey
1793,Charles Chandler,21.0,1932,Gold,United States,Rowing,Rowing Men's Coxed Eights
1794,Jennifer Kay Bellamy Chandler,17.0,1976,Gold,United States,Diving,Diving Women's Springboard
1795,Tyson Cleotis Chandler,29.0,2012,Gold,United States,Basketball,Basketball Men's Basketball
1796,Chang Hye-Jin,29.0,2016,Gold,South Korea,Archery,Archery Women's Individual
1797,Chang Hye-Jin,29.0,2016,Gold,South Korea,Archery,Archery Women's Team
1800,Gary Arthur Chapman,19.0,1956,Gold,Australia,Swimming,Swimming Men's 4 x 200 metres Freestyle Relay
1802,Jean-Frdric Chapuis,24.0,2014,Gold,France,Freestyle Skiing,Freestyle Skiing Men's Ski Cross
1804,Tina Alexandria Charles,23.0,2012,Gold,United States,Basketball,Basketball Women's Basketball
1805,Tina Alexandria Charles,27.0,2016,Gold,United States,Basketball,Basketball Women's Basketball
1806,Yorelvis Charles Martnez,25.0,2004,Gold,Cuba,Baseball,Baseball Men's Baseball
1808,"Andrew Murray ""Boy"" Charlton",16.0,1924,Gold,Australia,Swimming,"Swimming Men's 1,500 metres Freestyle"
1809,"Thomas Jackson ""Tom"" Charlton, Jr.",22.0,1956,Gold,United States,Rowing,Rowing Men's Coxed Eights
1810,Carl Erik Charpentier,22.0,1920,Gold,Sweden,Gymnastics,"Gymnastics Men's Team All-Around, Swedish System"
1811,Robert Charpentier,20.0,1936,Gold,France,Cycling,"Cycling Men's Road Race, Individual"
1812,Robert Charpentier,20.0,1936,Gold,France,Cycling,"Cycling Men's Road Race, Team"
1813,Robert Charpentier,20.0,1936,Gold,France,Cycling,"Cycling Men's Team Pursuit, 4,000 metres"
1814,Isabelle Chartrand,23.0,2002,Gold,Canada,Ice Hockey,Ice Hockey Women's Ice Hockey
1815,"Elizabeth ""Liz"" Chase",30.0,1980,Gold,Zimbabwe,Hockey,Hockey Women's Hockey
1816,Brandi Denise Chastain,27.0,1996,Gold,United States,Football,Football Women's Football
1817,Brandi Denise Chastain,36.0,2004,Gold,United States,Football,Football Women's Football
1818,Anne-Caroline Stphanie Chausson,30.0,2008,Gold,France,Cycling,Cycling Women's BMX
1819,Darvin Francisco Chvez Ramrez,22.0,2012,Gold,Mexico,Football,Football Men's Football
1820,Yuriy Volodymyrovych Cheban,26.0,2012,Gold,Ukraine,Canoeing,"Canoeing Men's Canadian Singles, 200 metres"
1821,Yuriy Volodymyrovych Cheban,30.0,2016,Gold,Ukraine,Canoeing,"Canoeing Men's Canadian Singles, 200 metres"
1822,Mauro Checcoli,21.0,1964,Gold,Italy,Equestrianism,"Equestrianism Mixed Three-Day Event, Individual"
1823,Mauro Checcoli,21.0,1964,Gold,Italy,Equestrianism,"Equestrianism Mixed Three-Day Event, Team"
1824,Jury Dimitri Chechi,26.0,1996,Gold,Italy,Gymnastics,Gymnastics Men's Rings
1825,"William Joseph N. ""Joey"" Cheek",26.0,2006,Gold,United States,Speed Skating,Speed Skating Men's 500 metres
1826,"Chandra Danette Cheeseborough (-Shellman, -Guice)",25.0,1984,Gold,United States,Athletics,Athletics Women's 4 x 100 metres Relay
1827,"Chandra Danette Cheeseborough (-Shellman, -Guice)",25.0,1984,Gold,United States,Athletics,Athletics Women's 4 x 400 metres Relay
1828,Andrey Ivanovich Chemerkin,24.0,1996,Gold,Russia,Weightlifting,Weightlifting Men's Super-Heavyweight
1829,Chen Aisen,20.0,2016,Gold,China,Diving,Diving Men's Platform
1830,Chen Aisen,20.0,2016,Gold,China,Diving,Diving Men's Synchronized Platform
1831,Chen Ding,19.0,2012,Gold,China,Athletics,Athletics Men's 20 kilometres Walk
1832,Chen Jing,19.0,1988,Gold,China,Table Tennis,Table Tennis Women's Singles
1833,Chen Jing,28.0,2004,Gold,China,Volleyball,Volleyball Women's Volleyball
1834,Chen Long,27.0,2016,Gold,China,Badminton,Badminton Men's Singles
1837,Chen Ruolin,15.0,2008,Gold,China,Diving,Diving Women's Platform
1838,Chen Ruolin,15.0,2008,Gold,China,Diving,Diving Women's Synchronized Platform
1839,Chen Ruolin,19.0,2012,Gold,China,Diving,Diving Women's Platform
1840,Chen Ruolin,19.0,2012,Gold,China,Diving,Diving Women's Synchronized Platform
1841,Chen Ruolin,23.0,2016,Gold,China,Diving,Diving Women's Synchronized Platform
1843,Chen Weiqiang,26.0,1984,Gold,China,Weightlifting,Weightlifting Men's Featherweight
1844,Chen Xiaomin,23.0,2000,Gold,China,Weightlifting,Weightlifting Women's Middleweight
1845,Chen Xiexia,25.0,2008,Gold,China,Weightlifting,Weightlifting Women's Flyweight
1846,Chen Yanqing,25.0,2004,Gold,China,Weightlifting,Weightlifting Women's Lightweight
1847,Chen Yanqing,29.0,2008,Gold,China,Weightlifting,Weightlifting Women's Lightweight
1848,Chen Yibing,23.0,2008,Gold,China,Gymnastics,Gymnastics Men's Team All-Around
1849,Chen Yibing,23.0,2008,Gold,China,Gymnastics,Gymnastics Men's Rings
1850,Chen Yibing,27.0,2012,Gold,China,Gymnastics,Gymnastics Men's Team All-Around
1851,Chen Ying,30.0,2008,Gold,China,Shooting,"Shooting Women's Sporting Pistol, 25 metres"
1852,Chen Yueling,24.0,1992,Gold,China,Athletics,Athletics Women's 10 kilometres Walk
1853,Chen Zhong,17.0,2000,Gold,China,Taekwondo,Taekwondo Women's Heavyweight
1854,Chen Zhong,21.0,2004,Gold,China,Taekwondo,Taekwondo Women's Heavyweight
1855,Lauren Nicole Cheney (-Holiday),20.0,2008,Gold,United States,Football,Football Women's Football
1856,Lauren Nicole Cheney (-Holiday),24.0,2012,Gold,United States,Football,Football Women's Football
1857,Cheng Fei,20.0,2008,Gold,China,Gymnastics,Gymnastics Women's Team All-Around
1858,Yuliya Anatolyevna Chepalova,21.0,1998,Gold,Russia,Cross Country Skiing,Cross Country Skiing Women's 30 kilometres
1859,Yuliya Anatolyevna Chepalova,25.0,2002,Gold,Russia,Cross Country Skiing,Cross Country Skiing Women's Sprint
1860,Yuliya Anatolyevna Chepalova,29.0,2006,Gold,Russia,Cross Country Skiing,Cross Country Skiing Women's 4 x 5 kilometres Relay
1862,Sergey Vladimirovich Chepikov,27.0,1994,Gold,Russia,Biathlon,Biathlon Men's 10 kilometres Sprint
1864,Aleksey Borisovich Cheremisinov,31.0,2016,Gold,Russia,Fencing,"Fencing Men's Foil, Team"
1865,Yuliya Igorevna Chermoshanskaya,22.0,2008,Gold,Russia,Athletics,Athletics Women's 4 x 100 metres Relay
1872,Emilee Cherry,23.0,2016,Gold,Australia,Rugby Sevens,Rugby Sevens Women's Rugby Sevens
1873,Vivian Jepkemoi Cheruiyot,32.0,2016,Gold,Kenya,Athletics,"Athletics Women's 5,000 metres"
1874,Lina Anatolyevna Cheryazova,25.0,1994,Gold,Uzbekistan,Freestyle Skiing,Freestyle Skiing Women's Aerials
1875,Alan Malcolm Chesney,27.0,1976,Gold,New Zealand,Hockey,Hockey Men's Hockey
1877,Bir Bahadur Chettri,24.0,1980,Gold,India,Hockey,Hockey Men's Hockey
1878,Bernard Marie  Chevallier,35.0,1948,Gold,France,Equestrianism,"Equestrianism Men's Three-Day Event, Individual"
1879,Giorgio Chiavacci,28.0,1928,Gold,Italy,Fencing,"Fencing Men's Foil, Team"
1880,Anna Vladimirovna Chicherova,30.0,2012,Gold,Russia,Athletics,Athletics Women's High Jump
1881,"Alexandra ""Sandy"" Chick",33.0,1980,Gold,Zimbabwe,Hockey,Hockey Women's Hockey
1882,Vlada Aleksandrovna Chigiryova,21.0,2016,Gold,Russia,Synchronized Swimming,Synchronized Swimming Women's Team
1884,Zulfiya Salakharovna Chinshanlo,19.0,2012,Gold,Kazakhstan,Weightlifting,Weightlifting Women's Featherweight
1885,Aurica Chiri-Brscu,29.0,2004,Gold,Romania,Rowing,Rowing Women's Coxed Eights
1887,Cho Yun-Jeong,22.0,1992,Gold,South Korea,Archery,Archery Women's Individual
1888,Cho Yun-Jeong,22.0,1992,Gold,South Korea,Archery,Archery Women's Team
1890,Choi Chol-Su,22.0,1992,Gold,North Korea,Boxing,Boxing Men's Flyweight
1891,Choi Eun-Gyeong,17.0,2002,Gold,South Korea,Short Track Speed Skating,"Short Track Speed Skating Women's 3,000 metres Relay"
1892,Choi Eun-Gyeong,21.0,2006,Gold,South Korea,Short Track Speed Skating,"Short Track Speed Skating Women's 3,000 metres Relay"
1893,Choi Hyeon-Ju,27.0,2012,Gold,South Korea,Archery,Archery Women's Team
1894,Choi Mi-Sun,20.0,2016,Gold,South Korea,Archery,Archery Women's Team
1895,Choi Min-Ho,27.0,2008,Gold,South Korea,Judo,Judo Men's Extra-Lightweight
1896,Choi Min-Kyung,19.0,2002,Gold,South Korea,Short Track Speed Skating,"Short Track Speed Skating Women's 3,000 metres Relay"
1898,Maialen Chourraut Yurramendi,33.0,2016,Gold,Spain,Canoeing,"Canoeing Women's Kayak Singles, Slalom"
1899,Lucien Eugne Choury,26.0,1924,Gold,France,Cycling,"Cycling Men's Tandem Sprint, 2,000 metres"
1900,Amy Yuen-Yee Chow (-Ho),18.0,1996,Gold,United States,Gymnastics,Gymnastics Women's Team All-Around
1901,John Hansen Christensen,28.0,1976,Gold,New Zealand,Hockey,Hockey Men's Hockey
1902,Joss Christensen,22.0,2014,Gold,United States,Freestyle Skiing,Freestyle Skiing Men's Slopestyle
1903,"William David ""Billy"" Christian",22.0,1960,Gold,United States,Ice Hockey,Ice Hockey Men's Ice Hockey
1904,"David William ""Dave"" Christian",20.0,1980,Gold,United States,Ice Hockey,Ice Hockey Men's Ice Hockey
1906,"Roger Allen ""Rog"" Christian",24.0,1960,Gold,United States,Ice Hockey,Ice Hockey Men's Ice Hockey
1908,Mads Christiansen,30.0,2016,Gold,Denmark,Handball,Handball Men's Handball
1911,"Steven Mark ""Steve"" Christoff",22.0,1980,Gold,United States,Ice Hockey,Ice Hockey Men's Ice Hockey
1925,Clement Chukwu,27.0,2000,Gold,Nigeria,Athletics,Athletics Men's 4 x 400 metres Relay
1931,Zygmunt Chycha,25.0,1952,Gold,Poland,Boxing,Boxing Men's Welterweight
1932,Csar Augusto Cielo Filho,21.0,2008,Gold,Brazil,Swimming,Swimming Men's 50 metres Freestyle
1933,Teresa Barbara Ciepy-Wieczorek,26.0,1964,Gold,Poland,Athletics,Athletics Women's 4 x 100 metres Relay
1936,Marco Cimatti,20.0,1932,Gold,Italy,Cycling,"Cycling Men's Team Pursuit, 4,000 metres"
1937,Gerd Cintl,21.0,1960,Gold,Germany,Rowing,Rowing Men's Coxed Fours
1938,Bruno Cipolla,15.0,1968,Gold,Italy,Rowing,Rowing Men's Coxed Pairs
1939,"Peter M. ""Pete"" Cipollone",33.0,2004,Gold,United States,Rowing,Rowing Men's Coxed Eights
1940,Andrea Cipressa,20.0,1984,Gold,Italy,Fencing,"Fencing Men's Foil, Team"
1942,Lothar Claesges,22.0,1964,Gold,Germany,Cycling,"Cycling Men's Team Pursuit, 4,000 metres"
1946,Austin Rhone Clapp,17.0,1928,Gold,United States,Swimming,Swimming Men's 4 x 200 metres Freestyle Relay
1947,Ellery Harding Clark,22.0,1896,Gold,United States,Athletics,Athletics Men's High Jump
1948,Ellery Harding Clark,22.0,1896,Gold,United States,Athletics,Athletics Men's Long Jump
1949,"Emory Wendell Clark, II",26.0,1964,Gold,United States,Rowing,Rowing Men's Coxed Eights
1950,"Jay Clark, Jr.",40.0,1920,Gold,United States,Shooting,"Shooting Men's Trap, Team"
1951,Kelly Clark,18.0,2002,Gold,United States,Snowboarding,Snowboarding Women's Halfpipe
1952,"Caroline Archer ""KK"" Clark",26.0,2016,Gold,United States,Water Polo,Water Polo Women's Water Polo
1953,"Philip Corriston ""Phil"" Clark",25.0,1924,Gold,United States,Rugby,Rugby Men's Rugby
1955,"Sherman Rockwell ""Sherm"" Clark",20.0,1920,Gold,United States,Rowing,Rowing Men's Coxed Eights
1956,"Stephen Edward ""Steve"" Clark",17.0,1960,Gold,United States,Swimming,Swimming Men's 4 x 200 metres Freestyle Relay
1957,"Stephen Edward ""Steve"" Clark",17.0,1960,Gold,United States,Swimming,Swimming Men's 4 x 100 metres Medley Relay
1958,"Stephen Edward ""Steve"" Clark",21.0,1964,Gold,United States,Swimming,Swimming Men's 4 x 100 metres Freestyle Relay
1959,"Stephen Edward ""Steve"" Clark",21.0,1964,Gold,United States,Swimming,Swimming Men's 4 x 200 metres Freestyle Relay
1960,"Stephen Edward ""Steve"" Clark",21.0,1964,Gold,United States,Swimming,Swimming Men's 4 x 100 metres Medley Relay
1962,"Louis Alfred ""Pinky"" Clarke",22.0,1924,Gold,United States,Athletics,Athletics Men's 4 x 100 metres Relay
1963,Eldece Clarke-Lewis,35.0,2000,Gold,Bahamas,Athletics,Athletics Women's 4 x 100 metres Relay
1964,Scott Tyler Clary,23.0,2012,Gold,United States,Swimming,Swimming Men's 200 metres Backstroke
1965,Vronique Claudel,25.0,1992,Gold,France,Biathlon,Biathlon Women's 3 x 7.5 kilometres Relay
1966,Leslie Walter Claudius,21.0,1948,Gold,India,Hockey,Hockey Men's Hockey
1967,Leslie Walter Claudius,25.0,1952,Gold,India,Hockey,Hockey Men's Hockey
1968,Leslie Walter Claudius,29.0,1956,Gold,India,Hockey,Hockey Men's Hockey
1969,Anna Stefanie Nanny Fryland Clausen (-Fryland),20.0,1920,Gold,Denmark,Diving,Diving Women's Plain High
1970,John Richard Clawson,24.0,1968,Gold,United States,Basketball,Basketball Men's Basketball
1971,Bryan Ezra Tsumoru Clay,28.0,2008,Gold,United States,Athletics,Athletics Men's Decathlon
1972,"Cassius Marcellus Clay, Jr.",18.0,1960,Gold,United States,Boxing,Boxing Men's Light-Heavyweight
1973,Jacob Clear,27.0,2012,Gold,Australia,Canoeing,"Canoeing Men's Kayak Fours, 1,000 metres"
1974,"Robert Barry ""Bobby"" Cleary, Sr.",23.0,1960,Gold,United States,Ice Hockey,Ice Hockey Men's Ice Hockey
1975,"William John ""Bill"" Cleary, Jr.",25.0,1960,Gold,United States,Ice Hockey,Ice Hockey Men's Ice Hockey
1976,Norman Cleaveland,23.0,1924,Gold,United States,Rugby,Rugby Men's Rugby
1977,Tammy P. Cleland-McGregor,20.0,1996,Gold,United States,Synchronized Swimming,Synchronized Swimming Women's Team
1978,"Elspeth Catherine Clement (Swain-, -Denning)",31.0,1988,Gold,Australia,Hockey,Hockey Women's Hockey
1979,Kerron Stephon Clement,22.0,2008,Gold,United States,Athletics,Athletics Men's 4 x 400 metres Relay
1980,Kerron Stephon Clement,30.0,2016,Gold,United States,Athletics,Athletics Men's 400 metres Hurdles
1981,Kyle Clemons,25.0,2016,Gold,United States,Athletics,Athletics Men's 4 x 400 metres Relay
1984,Edmond Cloetens,,1920,Gold,Belgium,Archery,"Archery Men's Pole Archery, Large Birds, Individual"
1985,Edmond Cloetens,,1920,Gold,Belgium,Archery,"Archery Men's Pole Archery, Small Birds, Team"
1986,Edmond Cloetens,,1920,Gold,Belgium,Archery,"Archery Men's Pole Archery, Large Birds, Team"
1987,"Robert Lynn ""Bob"" Clotworthy",25.0,1956,Gold,United States,Diving,Diving Men's Springboard
1989,Lesaw mikiewicz,24.0,1972,Gold,Poland,Football,Football Men's Football
1990,Alice Marie Coachman (-Davis),24.0,1948,Gold,United States,Athletics,Athletics Women's High Jump
1992,Barbara Ann Cochran (-Williams),21.0,1972,Gold,United States,Alpine Skiing,Alpine Skiing Women's Slalom
1993,"Commodore Shelton ""Com"" Cochran",22.0,1924,Gold,United States,Athletics,Athletics Men's 4 x 400 metres Relay
1994,"Leroy Braxton ""Roy"" Cochran",29.0,1948,Gold,United States,Athletics,Athletics Men's 400 metres Hurdles
1995,"Leroy Braxton ""Roy"" Cochran",29.0,1948,Gold,United States,Athletics,Athletics Men's 4 x 400 metres Relay
1997,"William Hastings ""Bill"" Cockburn",29.0,1932,Gold,Canada,Ice Hockey,Ice Hockey Men's Ice Hockey
